prediction,name
0,nonAMP63134
1,AMP1029
1,AMP3055
0,nonAMP146648
1,AMP2577
0,nonAMP93727
0,nonAMP15216
0,nonAMP110538
1,AMP831
0,nonAMP160527
0,nonAMP142715
0,nonAMP29614
0,AMP2839
1,AMP3194
1,AMP169
1,AMP914
0,nonAMP88574
0,nonAMP77617
0,nonAMP94920
0,nonAMP106415
1,AMP3234
0,AMP1464
1,AMP341
0,nonAMP4436
1,AMP868
0,nonAMP49880
0,nonAMP157395
0,nonAMP141471
1,AMP182
0,AMP1743
0,nonAMP39570
1,AMP3240
1,AMP899
0,nonAMP87092
0,AMP1661
0,nonAMP1182
0,nonAMP64653
0,AMP956
0,nonAMP142376
1,nonAMP9151
0,nonAMP79563
0,nonAMP88590
0,nonAMP125490
1,AMP1139
0,nonAMP137464
0,nonAMP155280
0,nonAMP134694
1,AMP1801
0,nonAMP163061
1,AMP2200
0,nonAMP128193
0,nonAMP77370
1,AMP3019
1,AMP2255
1,AMP1965
1,AMP377
0,nonAMP90319
1,nonAMP162464
0,nonAMP75147
1,AMP1927
1,AMP391
0,nonAMP153299
0,nonAMP36634
0,nonAMP161611
1,AMP686
1,AMP2591
0,nonAMP162009
0,AMP2303
1,AMP2061
0,nonAMP9395
0,nonAMP92679
1,AMP2100
1,nonAMP12511
1,AMP2084
0,nonAMP55120
1,AMP2322
0,nonAMP12331
0,nonAMP119174
1,AMP1703
1,AMP1212
1,AMP1877
0,nonAMP157857
1,AMP2780
1,AMP733
0,AMP2558
1,AMP2583
0,nonAMP21579
1,AMP1852
1,AMP1090
1,AMP1555
0,nonAMP92805
1,AMP2046
1,AMP338
0,nonAMP164802
1,AMP223
1,nonAMP99338
0,nonAMP5437
1,nonAMP29639
0,nonAMP95566
1,nonAMP35696
1,AMP1914
0,nonAMP35479
1,AMP1017
1,AMP2327
1,AMP2994
1,AMP1124
1,AMP939
1,AMP1276
1,AMP1785
0,nonAMP51214
1,AMP2330
0,nonAMP42281
1,AMP1301
0,nonAMP45203
0,nonAMP69149
0,nonAMP4573
1,AMP307
1,AMP1722
1,AMP1856
1,nonAMP58851
1,AMP521
1,AMP961
1,AMP256
0,nonAMP152795
1,AMP1526
0,nonAMP86042
1,AMP1897
0,AMP218
1,AMP1538
0,nonAMP123468
1,AMP1061
1,AMP2309
1,AMP3023
0,nonAMP150153
1,nonAMP163530
1,AMP1176
1,AMP342
0,nonAMP116576
1,nonAMP166772
0,nonAMP104052
0,nonAMP164508
1,AMP1461
1,AMP319
0,nonAMP166247
1,AMP1683
1,nonAMP59383
1,AMP1155
1,AMP2507
1,AMP1088
1,nonAMP65178
0,nonAMP148969
1,AMP3149
0,nonAMP165185
0,nonAMP148611
0,nonAMP19034
0,nonAMP97197
0,nonAMP144930
1,AMP206
0,nonAMP153562
1,AMP2957
0,nonAMP36136
1,AMP2350
1,AMP429
0,nonAMP16616
0,nonAMP8342
0,nonAMP1886
1,nonAMP100139
0,nonAMP52169
1,nonAMP89709
0,nonAMP96149
1,AMP2467
1,AMP2912
0,nonAMP77880
0,nonAMP142583
0,AMP2193
0,AMP1067
0,nonAMP98940
1,AMP1541
0,nonAMP17645
1,AMP2938
0,nonAMP135296
0,nonAMP122661
1,AMP1264
1,AMP2295
0,nonAMP2642
1,AMP241
1,AMP2965
1,AMP2961
0,AMP3252
1,AMP381
1,AMP3169
0,nonAMP160876
1,AMP2199
0,nonAMP40508
0,nonAMP39001
1,AMP2405
0,AMP2425
1,AMP1449
1,AMP1421
1,nonAMP42064
0,AMP2095
0,nonAMP14181
0,nonAMP118151
0,nonAMP103508
1,AMP2768
0,nonAMP143280
1,nonAMP161494
1,AMP200
1,AMP659
0,nonAMP39620
0,nonAMP99448
1,AMP322
1,AMP3193
0,nonAMP64474
0,nonAMP16914
1,AMP2532
1,AMP2432
1,nonAMP24197
0,nonAMP122929
1,AMP2001
0,nonAMP136022
0,nonAMP17353
0,AMP642
0,nonAMP45238
1,AMP2877
1,AMP2076
0,AMP250
1,AMP1233
0,AMP3047
1,AMP1582
0,nonAMP109794
0,nonAMP58255
0,nonAMP14351
0,AMP1300
0,nonAMP135811
1,nonAMP138849
1,AMP997
0,nonAMP51891
0,nonAMP70620
0,AMP2710
1,AMP1099
0,nonAMP146899
1,AMP170
0,nonAMP54244
0,nonAMP38720
1,AMP2481
0,nonAMP11393
1,AMP2473
0,nonAMP113715
1,AMP1563
0,AMP1329
1,AMP2540
0,nonAMP15564
1,nonAMP127066
0,nonAMP142069
0,nonAMP124884
1,AMP3105
1,AMP187
1,AMP2383
1,nonAMP46965
1,AMP2452
1,AMP2686
1,AMP382
0,nonAMP44300
1,AMP2996
1,nonAMP79251
0,nonAMP12252
0,AMP2189
1,AMP335
0,nonAMP66869
1,nonAMP31737
1,AMP2128
0,nonAMP164724
1,AMP1044
0,nonAMP60060
0,nonAMP97755
0,nonAMP5135
0,nonAMP68519
0,nonAMP54103
1,AMP675
1,AMP478
1,AMP2297
0,nonAMP74272
1,AMP2745
1,AMP1528
1,AMP3200
1,AMP1692
1,AMP1634
1,AMP1497
0,nonAMP73305
1,AMP1338
1,nonAMP56183
0,nonAMP95969
1,AMP1284
0,nonAMP165794
0,nonAMP98136
0,nonAMP44784
1,AMP987
1,AMP3067
1,AMP1687
1,AMP859
0,nonAMP62587
0,nonAMP69231
1,AMP2391
1,AMP220
0,nonAMP139455
0,nonAMP151848
1,AMP71
0,nonAMP90094
1,AMP2784
0,nonAMP130289
0,nonAMP98414
1,AMP3018
1,AMP1373
1,AMP2122
0,AMP2180
0,nonAMP93505
1,AMP2472
0,nonAMP73482
1,AMP2872
0,nonAMP110172
0,AMP2719
1,AMP975
1,AMP348
1,AMP709
0,nonAMP31131
0,nonAMP98698
1,AMP395
1,AMP2059
0,nonAMP124476
0,AMP131
0,nonAMP50890
0,nonAMP105346
1,nonAMP149518
0,nonAMP133522
1,AMP1866
1,AMP1481
0,nonAMP158578
0,nonAMP100571
0,nonAMP153383
1,AMP1523
0,AMP571
1,nonAMP5584
0,nonAMP141126
0,AMP372
0,AMP1585
0,AMP2160
0,nonAMP144630
0,nonAMP98657
1,nonAMP89910
0,nonAMP135561
1,AMP1359
0,nonAMP106518
0,nonAMP158529
1,AMP2550
1,AMP971
1,AMP1440
1,nonAMP82827
1,AMP2380
0,nonAMP611
1,AMP2838
1,AMP224
0,nonAMP31720
0,AMP600
0,nonAMP108753
0,nonAMP49460
1,AMP277
1,AMP1459
1,AMP2341
1,AMP173
1,AMP1770
1,AMP3199
1,AMP3074
0,AMP1673
1,AMP2023
1,AMP1916
0,nonAMP105550
1,nonAMP152103
1,AMP1997
0,nonAMP35403
0,AMP2720
0,nonAMP37359
1,nonAMP2143
1,AMP1865
0,nonAMP107826
0,nonAMP85646
0,nonAMP165443
1,AMP1879
0,AMP3039
0,AMP178
0,nonAMP53667
1,AMP1646
1,AMP1612
0,nonAMP105958
1,AMP2221
1,AMP1070
1,AMP3245
0,nonAMP43119
0,nonAMP137058
0,nonAMP103515
1,AMP2537
1,AMP1922
1,AMP609
1,AMP960
1,AMP892
1,nonAMP136453
1,AMP1213
1,nonAMP99616
0,nonAMP131464
0,AMP3037
0,nonAMP39568
0,AMP63
1,AMP924
1,nonAMP17243
1,AMP3254
0,nonAMP125367
1,AMP3166
0,nonAMP61951
0,AMP736
0,nonAMP156818
1,AMP671
1,AMP274
0,nonAMP132341
1,nonAMP57105
1,nonAMP13181
0,nonAMP48002
0,nonAMP13713
0,nonAMP47470
0,nonAMP74818
1,AMP564
1,nonAMP130897
0,nonAMP21649
1,AMP970
1,AMP2239
0,nonAMP32935
0,nonAMP109655
0,nonAMP47088
0,AMP1445
0,nonAMP89573
1,AMP728
1,AMP1260
0,nonAMP118385
0,AMP591
0,nonAMP150798
1,AMP2121
0,nonAMP86719
1,AMP387
1,AMP1906
1,nonAMP57678
1,AMP1261
1,AMP863
0,AMP3165
0,nonAMP94924
1,AMP1829
1,AMP3130
1,AMP415
1,AMP1748
0,nonAMP163189
1,AMP1536
0,nonAMP65434
0,nonAMP132523
0,nonAMP70331
1,nonAMP80131
0,nonAMP49534
0,nonAMP164291
1,nonAMP45540
0,nonAMP73131
0,AMP1138
1,AMP2203
1,AMP847
0,AMP2066
0,nonAMP85079
0,nonAMP151556
1,AMP1103
0,nonAMP133591
0,nonAMP41819
1,AMP1704
1,AMP2603
1,AMP779
1,AMP3092
0,AMP2099
1,AMP1001
1,AMP545
1,AMP134
0,nonAMP22278
1,nonAMP25341
1,AMP1731
1,AMP2777
1,AMP2357
1,AMP2082
0,nonAMP99971
1,AMP427
0,AMP2247
0,nonAMP164525
0,nonAMP26809
0,nonAMP120386
1,AMP1784
1,AMP3069
0,AMP2837
1,AMP910
1,AMP595
0,nonAMP93833
0,nonAMP57914
0,nonAMP16816
0,nonAMP110675
0,nonAMP18105
0,AMP192
1,AMP1349
0,nonAMP137889
1,AMP458
0,AMP613
1,nonAMP122028
1,AMP327
0,nonAMP104105
1,AMP1676
1,AMP181
0,nonAMP79910
0,AMP2118
0,nonAMP112990
1,AMP3216
1,AMP2288
1,AMP2448
1,AMP1740
1,AMP3229
1,AMP1964
1,AMP652
0,nonAMP54555
0,nonAMP40941
1,nonAMP5335
1,AMP1060
0,nonAMP129796
1,AMP43
1,AMP2600
0,nonAMP161489
1,nonAMP31174
1,AMP1351
0,AMP2767
1,AMP2699
1,AMP943
0,nonAMP159684
0,nonAMP121338
1,AMP3071
0,nonAMP150278
1,AMP867
1,AMP1605
1,nonAMP92009
0,nonAMP42660
1,AMP3032
0,nonAMP72436
0,nonAMP97298
0,nonAMP50525
0,nonAMP124730
1,AMP2638
1,nonAMP67361
0,nonAMP60548
1,nonAMP77280
0,nonAMP53107
1,AMP1207
1,AMP1799
0,nonAMP150540
1,AMP617
1,AMP2882
0,nonAMP166509
0,nonAMP154615
0,nonAMP55649
0,nonAMP37671
0,AMP1694
1,AMP92
0,nonAMP69747
0,nonAMP3251
0,nonAMP41986
0,nonAMP64113
1,AMP810
1,AMP2721
1,nonAMP12751
1,AMP180
0,AMP1550
1,AMP551
1,nonAMP142341
1,AMP1811
0,nonAMP113148
0,nonAMP126925
1,nonAMP31086
1,AMP488
1,AMP1533
1,AMP1809
1,nonAMP101159
0,nonAMP69979
1,AMP713
0,nonAMP69135
1,AMP1568
0,nonAMP1010
1,AMP497
1,AMP2352
1,nonAMP164252
1,AMP1188
0,nonAMP72566
1,AMP1664
0,nonAMP38924
0,nonAMP2072
0,nonAMP91263
0,nonAMP1506
0,nonAMP59594
1,AMP3144
1,AMP2967
1,AMP2678
1,AMP1697
0,nonAMP58912
1,AMP1073
1,AMP378
0,nonAMP132504
0,nonAMP94329
1,AMP1918
1,AMP1608
0,nonAMP112489
0,nonAMP5919
0,nonAMP23994
1,nonAMP37528
1,AMP15
0,nonAMP61447
1,AMP1186
0,nonAMP98588
1,AMP3257
0,nonAMP77337
1,AMP1998
0,nonAMP71826
0,nonAMP109075
0,AMP2237
0,nonAMP74718
0,AMP1969
0,nonAMP153811
0,AMP2420
0,nonAMP83551
1,nonAMP11344
1,nonAMP74050
1,nonAMP152370
0,nonAMP85140
1,AMP699
0,nonAMP7073
1,AMP69
1,AMP1813
0,nonAMP31090
1,AMP379
1,nonAMP133315
1,AMP1290
1,AMP457
1,AMP3151
1,AMP1214
1,nonAMP127836
0,AMP1239
1,AMP2749
1,nonAMP127061
1,AMP2559
0,nonAMP104422
0,nonAMP134452
1,AMP581
1,AMP1733
1,AMP2630
1,AMP995
0,nonAMP5660
1,AMP3027
1,AMP6
1,AMP723
0,AMP2274
0,nonAMP81008
0,nonAMP94922
1,AMP1719
0,nonAMP121133
0,AMP990
0,nonAMP136649
0,AMP2018
1,AMP1495
1,AMP2743
0,nonAMP68031
0,nonAMP161118
1,AMP1537
1,nonAMP117253
0,nonAMP81595
1,AMP748
1,AMP2804
0,nonAMP36275
0,nonAMP63241
1,AMP753
1,AMP568
1,AMP988
0,nonAMP113913
0,nonAMP51501
1,nonAMP30323
1,AMP2779
0,nonAMP34699
0,nonAMP30337
0,nonAMP90460
0,nonAMP126533
0,nonAMP103831
0,nonAMP39516
0,nonAMP93326
0,nonAMP80646
1,AMP504
0,nonAMP125441
0,nonAMP29950
0,nonAMP94643
1,AMP1439
1,AMP874
0,nonAMP16904
0,nonAMP49898
1,AMP3185
0,nonAMP129523
0,nonAMP155455
0,nonAMP38802
0,nonAMP35470
0,AMP2141
1,AMP2443
1,AMP3224
0,nonAMP82321
1,AMP210
0,nonAMP159643
0,AMP1690
1,AMP1274
1,AMP3128
1,nonAMP154177
1,AMP1086
1,AMP543
0,AMP118
1,AMP1081
1,AMP2263
0,nonAMP77975
0,nonAMP126537
1,AMP2847
0,nonAMP38103
1,AMP3
1,nonAMP72912
1,AMP585
1,AMP3198
1,nonAMP112328
1,AMP168
1,AMP2885
0,nonAMP127630
1,AMP1402
1,AMP328
0,nonAMP100936
1,AMP544
1,AMP760
0,nonAMP135996
1,AMP384
0,nonAMP77871
0,nonAMP51876
0,nonAMP81639
1,AMP208
0,nonAMP8029
1,AMP1491
0,nonAMP15179
1,AMP1221
1,AMP428
1,AMP16
0,nonAMP155398
0,nonAMP39514
1,AMP523
0,nonAMP11997
1,AMP654
0,nonAMP63841
1,AMP160
1,nonAMP37330
1,AMP719
0,nonAMP166096
0,nonAMP66126
0,nonAMP140105
1,AMP485
0,nonAMP811
0,nonAMP42821
1,AMP1591
1,AMP900
1,AMP1849
0,nonAMP70248
0,nonAMP2537
0,nonAMP132265
1,AMP655
0,nonAMP140906
1,AMP2950
1,nonAMP57462
1,AMP232
1,AMP1759
1,AMP1569
0,nonAMP125990
1,AMP846
0,nonAMP7302
0,nonAMP81178
0,nonAMP18514
0,nonAMP65631
1,AMP616
1,AMP1742
1,nonAMP145034
1,AMP221
0,nonAMP96204
1,AMP159
1,AMP2417
1,AMP70
0,nonAMP102442
0,AMP3050
0,nonAMP113581
1,AMP1375
1,AMP2333
0,nonAMP141268
1,AMP669
1,AMP2488
1,AMP1737
1,AMP907
1,AMP3140
1,AMP605
1,AMP923
0,AMP226
0,nonAMP31460
1,AMP1715
1,AMP1236
0,AMP1567
1,AMP3026
1,AMP310
1,AMP2040
1,AMP1101
1,AMP1
0,nonAMP148461
0,nonAMP12971
1,AMP1900
0,nonAMP145093
1,AMP2820
1,AMP2429
1,AMP3031
1,AMP61
0,nonAMP96685
0,nonAMP104727
0,nonAMP64187
1,AMP3081
0,nonAMP59920
0,nonAMP87756
1,nonAMP59403
1,AMP3132
0,nonAMP147181
0,nonAMP46576
0,nonAMP25450
1,AMP546
1,nonAMP90058
1,AMP2751
0,nonAMP97517
1,AMP2127
0,nonAMP95148
0,nonAMP21930
1,AMP2811
0,nonAMP43137
0,nonAMP134115
0,nonAMP157197
1,AMP1066
0,nonAMP165081
1,AMP2977
1,nonAMP67188
1,AMP2256
1,AMP2854
1,AMP2727
0,nonAMP140107
0,nonAMP32763
1,AMP432
0,nonAMP24573
0,nonAMP95291
1,AMP2547
1,AMP321
0,nonAMP77586
1,AMP701
1,AMP1991
1,AMP983
0,nonAMP25528
0,nonAMP51968
0,nonAMP29147
1,AMP2004
0,AMP2525
1,AMP22
1,AMP2349
1,AMP2492
0,nonAMP151145
0,nonAMP36769
0,nonAMP26011
0,nonAMP100673
0,nonAMP107011
0,nonAMP54552
1,AMP12
0,AMP3116
1,AMP32
1,AMP481
1,AMP128
1,AMP459
0,nonAMP65911
0,AMP3184
0,nonAMP25039
0,nonAMP133272
0,AMP1237
0,nonAMP25255
0,nonAMP105794
1,AMP2326
0,nonAMP161076
1,AMP1946
1,AMP3182
0,nonAMP72135
0,nonAMP6601
0,AMP809
1,nonAMP70354
0,nonAMP135156
0,nonAMP26331
1,nonAMP47391
0,nonAMP144129
0,AMP3052
1,AMP2487
1,AMP828
0,nonAMP34471
0,AMP3145
0,nonAMP61248
0,nonAMP114679
1,AMP1106
0,nonAMP159613
1,AMP2755
0,nonAMP107144
0,AMP1565
1,AMP2849
0,nonAMP4256
1,AMP2864
0,nonAMP74923
1,AMP1853
0,AMP132
0,nonAMP10777
1,AMP2674
1,AMP2401
0,nonAMP114419
0,nonAMP78103
1,AMP1795
0,nonAMP45645
1,AMP2666
1,AMP422
1,AMP1267
1,AMP1898
1,AMP880
0,AMP185
0,nonAMP159912
1,nonAMP150567
1,AMP1098
0,nonAMP24701
0,nonAMP75018
1,AMP1079
1,AMP2662
1,AMP434
1,AMP991
1,AMP1517
1,AMP2785
0,nonAMP81457
1,AMP2361
1,AMP3060
1,AMP1846
1,AMP557
0,nonAMP106382
0,nonAMP50121
1,AMP1858
0,nonAMP69127
0,nonAMP132259
0,nonAMP63508
0,nonAMP107028
1,AMP951
1,AMP425
1,nonAMP102925
0,nonAMP109538
0,nonAMP85912
0,nonAMP103792
1,AMP2041
0,nonAMP142426
1,AMP1307
1,AMP120
1,nonAMP133219
0,nonAMP96858
0,nonAMP1128
1,nonAMP40063
0,nonAMP166785
1,AMP1730
1,AMP2556
1,AMP1910
0,nonAMP30411
1,AMP1046
0,nonAMP17253
0,nonAMP73283
1,nonAMP149207
0,nonAMP6860
0,nonAMP74411
1,AMP2566
1,AMP1672
0,nonAMP151882
0,nonAMP43424
0,nonAMP98633
1,AMP2870
1,AMP1164
1,AMP1633
0,nonAMP45398
0,nonAMP158429
1,AMP1120
1,AMP98
1,AMP2028
1,AMP3172
0,nonAMP18299
1,AMP1227
0,nonAMP29312
0,nonAMP154638
0,nonAMP79584
1,AMP3010
1,nonAMP21305
0,nonAMP163128
0,nonAMP49273
1,AMP634
1,AMP299
0,nonAMP28967
1,AMP1234
0,nonAMP61269
0,nonAMP150298
0,nonAMP26599
1,AMP1476
0,nonAMP3484
0,AMP1453
1,AMP2371
0,nonAMP95730
0,nonAMP107328
0,nonAMP10462
0,AMP2149
0,nonAMP147341
0,nonAMP31773
0,nonAMP20831
0,AMP579
0,nonAMP121489
0,nonAMP134222
0,nonAMP16618
0,AMP2172
0,AMP3085
0,nonAMP11517
1,AMP2444
1,AMP202
0,nonAMP121649
0,nonAMP79034
1,AMP889
0,nonAMP28361
0,nonAMP131617
1,AMP1716
1,AMP289
0,nonAMP9322
1,nonAMP88604
0,nonAMP16192
1,nonAMP81761
0,nonAMP46628
0,nonAMP96711
1,AMP1535
1,AMP1031
1,AMP1553
1,nonAMP35632
0,nonAMP100538
0,nonAMP127607
1,AMP3007
0,nonAMP133085
0,nonAMP28985
1,AMP2226
0,nonAMP33580
1,AMP1027
0,nonAMP45509
0,nonAMP133226
1,AMP1131
1,AMP592
1,AMP3004
1,AMP1989
0,nonAMP130945
1,AMP856
1,AMP933
0,nonAMP126177
0,nonAMP126460
1,AMP534
1,AMP1315
0,nonAMP64167
0,nonAMP116213
0,nonAMP1543
1,AMP1325
1,AMP2396
0,nonAMP113366
1,nonAMP121251
1,AMP2437
0,nonAMP159772
0,nonAMP128365
1,AMP2323
1,nonAMP143618
1,AMP2835
0,nonAMP121997
0,nonAMP44157
0,nonAMP19981
1,AMP3247
1,AMP3096
0,nonAMP147307
0,nonAMP11234
0,nonAMP79211
1,AMP2078
0,nonAMP49543
1,AMP1253
1,nonAMP152706
0,nonAMP7704
1,nonAMP97397
1,AMP1818
1,AMP3250
0,nonAMP81553
1,AMP897
1,AMP297
1,nonAMP110757
0,nonAMP112601
1,AMP2187
1,AMP474
0,nonAMP20232
1,AMP1840
1,AMP558
1,AMP1547
1,AMP3211
1,nonAMP96453
1,AMP1819
1,AMP3073
0,nonAMP38629
0,nonAMP83324
1,AMP1554
1,AMP25
1,AMP451
1,AMP2770
1,AMP2753
1,AMP2806
1,AMP1191
0,nonAMP32509
1,AMP3056
1,AMP475
1,AMP2989
1,AMP2647
0,nonAMP37569
0,AMP72
0,nonAMP82585
1,AMP2754
0,AMP2868
0,nonAMP83673
0,nonAMP114776
1,AMP1293
1,AMP1744
1,AMP994
0,nonAMP50302
1,AMP2883
0,nonAMP161592
0,nonAMP122580
0,nonAMP14434
1,AMP463
0,nonAMP81275
0,nonAMP110954
1,AMP823
0,nonAMP126800
1,AMP1472
0,AMP1072
0,nonAMP120183
1,nonAMP11642
0,nonAMP161168
0,AMP2148
1,nonAMP151056
0,nonAMP153788
1,AMP1804
0,AMP2115
0,nonAMP79551
1,AMP2587
1,AMP1666
1,AMP1174
0,AMP201
1,AMP1527
0,nonAMP54437
1,AMP2495
1,AMP658
1,nonAMP66233
1,AMP375
1,AMP17
0,nonAMP49117
0,nonAMP49340
0,nonAMP78355
1,AMP1243
1,nonAMP144712
1,AMP1489
0,nonAMP142201
0,nonAMP135164
0,nonAMP87143
0,nonAMP7000
1,nonAMP119225
1,AMP1217
1,AMP583
0,nonAMP152262
0,nonAMP17275
1,AMP2314
1,AMP469
1,AMP2003
0,AMP882
1,AMP326
0,nonAMP95492
1,AMP2235
1,AMP2430
0,nonAMP14137
1,AMP2716
0,AMP1286
0,nonAMP152686
1,AMP1419
0,AMP2611
1,AMP2013
1,AMP3181
0,nonAMP117012
0,AMP2154
0,AMP3238
1,AMP1610
0,nonAMP73954
0,nonAMP64312
0,nonAMP15242
1,AMP2436
1,AMP1614
1,AMP188
0,nonAMP106560
0,nonAMP10870
1,AMP986
0,nonAMP17926
0,AMP861
1,AMP2992
1,AMP3053
1,AMP1450
1,AMP2700
0,nonAMP74193
0,nonAMP36812
0,nonAMP16140
1,nonAMP64850
0,nonAMP68908
0,nonAMP111042
0,nonAMP59410
0,nonAMP103056
0,nonAMP86305
1,AMP112
1,AMP400
0,AMP647
0,nonAMP88066
1,nonAMP125472
0,nonAMP98000
0,nonAMP41957
0,AMP2867
0,nonAMP102051
1,AMP884
1,AMP1064
0,nonAMP66925
1,AMP703
1,AMP420
0,nonAMP127857
0,nonAMP120985
1,AMP2439
0,nonAMP10163
1,AMP3109
1,AMP344
1,AMP51
1,AMP1480
1,AMP2825
0,nonAMP23468
1,AMP2962
0,nonAMP85601
1,AMP816
0,nonAMP83020
1,nonAMP103770
0,nonAMP118184
1,nonAMP164522
1,AMP2552
0,AMP2616
0,AMP2923
1,AMP1407
0,nonAMP4145
0,nonAMP33855
1,AMP318
1,AMP2818
0,nonAMP25820
1,nonAMP25808
1,AMP2494
0,nonAMP112291
1,AMP2920
1,AMP1739
1,nonAMP61383
0,nonAMP48566
0,nonAMP103575
1,nonAMP109736
1,AMP2233
0,AMP3208
0,nonAMP110669
1,AMP1297
1,AMP3127
1,AMP1135
1,nonAMP48905
1,AMP1669
1,AMP771
0,nonAMP80243
1,AMP1173
1,AMP2736
1,AMP1593
0,AMP1277
0,nonAMP80405
1,AMP787
1,AMP685
0,AMP881
0,nonAMP131854
0,nonAMP68656
1,nonAMP34587
0,nonAMP43140
1,AMP1008
0,AMP2828
0,nonAMP37479
1,AMP1902
1,AMP1776
1,nonAMP86458
0,nonAMP125451
1,AMP1917
0,nonAMP126806
1,AMP2486
1,AMP2840
1,AMP2063
0,nonAMP137954
0,nonAMP118420
1,AMP248
0,AMP3243
1,AMP1187
0,nonAMP134804
0,nonAMP139467
0,nonAMP114215
0,nonAMP63123
0,nonAMP132095
0,nonAMP43011
0,nonAMP117988
1,AMP2735
1,AMP2404
1,AMP3112
1,AMP2387
0,AMP2460
0,nonAMP21760
0,nonAMP30727
1,AMP737
0,nonAMP73576
0,nonAMP50950
0,nonAMP46767
1,AMP3233
1,AMP117
0,nonAMP59525
0,nonAMP37350
0,AMP2183
1,nonAMP4929
1,AMP1112
1,AMP419
1,AMP775
1,AMP1724
0,nonAMP105695
1,AMP3107
0,nonAMP5635
1,AMP747
0,nonAMP155077
0,nonAMP68375
1,AMP1926
0,AMP2190
0,nonAMP123964
0,nonAMP71364
0,nonAMP38044
1,AMP2539
0,nonAMP151115
1,AMP2276
1,nonAMP6225
1,AMP2101
1,nonAMP153139
0,nonAMP96398
1,AMP3265
1,AMP2653
1,AMP936
0,nonAMP6187
1,AMP2426
0,nonAMP40685
1,nonAMP114431
1,AMP1779
1,AMP743
0,nonAMP89298
1,AMP127
0,AMP1345
1,AMP3016
1,AMP1269
0,nonAMP74916
1,AMP805
1,AMP1867
1,AMP53
0,nonAMP65570
0,nonAMP25926
1,nonAMP3133
0,nonAMP36919
1,AMP433
0,nonAMP83204
0,nonAMP156125
0,nonAMP7837
0,nonAMP140099
1,AMP1320
1,AMP602
1,AMP1387
1,AMP2599
0,nonAMP44072
1,AMP2506
1,AMP974
1,AMP2398
0,AMP1332
0,AMP2065
1,nonAMP83616
1,AMP470
0,nonAMP130448
0,nonAMP47258
1,AMP1941
1,AMP2251
0,nonAMP29494
1,AMP2580
0,nonAMP80456
0,AMP2157
1,AMP2073
0,nonAMP92436
0,nonAMP75203
1,nonAMP38458
1,AMP710
1,AMP1404
0,nonAMP93400
0,nonAMP135929
1,AMP2809
1,nonAMP120853
1,AMP2220
1,AMP1425
0,AMP3003
1,AMP2242
0,nonAMP29053
1,nonAMP144849
0,nonAMP103593
0,nonAMP71931
0,nonAMP122944
1,AMP1209
0,AMP2146
0,nonAMP103580
1,AMP1056
0,nonAMP71652
0,nonAMP48384
1,AMP1364
0,nonAMP142850
1,nonAMP57949
1,AMP1531
0,nonAMP122011
1,AMP1942
0,nonAMP17158
0,AMP2105
0,AMP2428
1,AMP2874
1,AMP423
1,nonAMP98581
0,nonAMP159894
1,AMP1004
0,nonAMP39216
0,nonAMP14769
0,nonAMP143156
0,nonAMP14131
1,AMP2408
1,AMP3139
1,AMP1543
0,nonAMP142397
1,nonAMP106248
1,AMP3059
0,nonAMP17283
0,nonAMP88131
1,AMP2498
1,AMP1958
0,nonAMP72347
0,nonAMP38372
0,nonAMP135997
0,nonAMP4894
0,nonAMP39866
1,nonAMP81095
0,nonAMP130492
0,AMP2821
0,nonAMP72136
1,AMP714
1,nonAMP33210
1,nonAMP108800
0,nonAMP86715
1,AMP2728
0,nonAMP75546
0,nonAMP71909
1,AMP260
1,AMP3078
0,nonAMP4774
0,nonAMP113564
0,nonAMP2333
0,nonAMP4321
1,AMP1663
1,AMP2761
1,AMP519
1,AMP572
0,nonAMP125038
0,nonAMP131235
1,AMP1639
1,AMP2188
0,nonAMP100221
0,nonAMP58923
1,AMP2959
1,AMP3235
0,nonAMP149900
1,AMP2454
1,AMP2062
1,nonAMP85391
0,nonAMP26799
1,AMP1200
1,AMP1399
1,AMP1619
1,AMP2546
1,AMP1247
0,nonAMP36862
1,AMP2152
1,AMP438
1,AMP172
1,AMP1021
0,nonAMP90994
1,AMP2790
0,nonAMP19157
0,AMP797
1,nonAMP121831
0,nonAMP46476
0,nonAMP4746
1,AMP2351
1,AMP766
0,nonAMP22023
0,nonAMP72421
0,nonAMP58281
1,AMP2692
1,AMP1089
1,nonAMP77386
0,nonAMP7318
0,nonAMP97687
1,AMP1009
0,AMP2431
1,AMP2056
1,AMP109
1,AMP716
1,AMP1774
1,AMP1182
0,AMP1561
1,AMP768
0,nonAMP158703
0,nonAMP56266
0,nonAMP146794
0,nonAMP30280
0,nonAMP157478
1,AMP1838
0,nonAMP155121
0,nonAMP129016
0,nonAMP43619
0,nonAMP137477
0,nonAMP159950
0,nonAMP109208
0,nonAMP147205
0,nonAMP76912
1,AMP950
1,AMP140
0,nonAMP70411
1,AMP2955
1,AMP1903
0,nonAMP32164
0,nonAMP46203
0,nonAMP46691
0,nonAMP153912
0,nonAMP101107
1,AMP1943
1,AMP1765
0,nonAMP85800
1,AMP1710
1,AMP2744
0,nonAMP94284
1,AMP67
0,nonAMP162438
0,nonAMP2235
1,AMP1347
0,nonAMP59750
1,AMP1206
0,nonAMP134604
0,nonAMP161850
1,AMP2092
1,nonAMP53586
0,nonAMP84459
1,AMP264
0,nonAMP90210
1,AMP2465
0,nonAMP68448
0,nonAMP132760
0,nonAMP19051
1,AMP821
1,AMP2342
1,AMP711
1,AMP2365
1,AMP2726
0,nonAMP73841
1,nonAMP88853
0,nonAMP149333
0,nonAMP125794
0,AMP4
0,AMP2509
1,AMP394
0,nonAMP27825
1,AMP493
1,AMP3041
0,nonAMP98968
1,AMP176
0,nonAMP128624
1,AMP535
1,AMP1211
1,AMP3180
1,nonAMP52433
0,nonAMP119479
1,nonAMP136322
0,nonAMP28539
0,AMP2280
0,nonAMP37213
0,nonAMP57290
1,nonAMP40291
0,nonAMP95872
0,nonAMP59696
1,AMP1432
0,nonAMP19577
1,AMP1204
0,nonAMP57907
1,AMP2786
0,nonAMP132119
1,AMP2110
1,AMP1889
1,AMP1860
0,nonAMP125014
1,AMP682
1,nonAMP39368
0,nonAMP71337
0,nonAMP121461
0,nonAMP103750
1,nonAMP150849
1,AMP2441
1,AMP818
1,AMP236
1,nonAMP76072
1,AMP3174
0,nonAMP117078
1,AMP211
0,AMP2170
1,nonAMP51827
1,AMP1834
1,AMP309
1,AMP1980
1,AMP901
0,AMP2634
1,nonAMP91347
1,AMP896
1,nonAMP128600
1,AMP1822
1,AMP190
1,AMP2729
1,AMP1994
0,nonAMP106591
0,nonAMP57656
0,AMP2589
1,AMP1075
0,nonAMP127137
0,nonAMP106638
1,nonAMP110886
0,nonAMP26854
1,AMP356
0,nonAMP1638
1,AMP2373
1,AMP2518
0,nonAMP151347
0,nonAMP139876
1,nonAMP100893
0,nonAMP18171
1,AMP789
1,AMP2008
0,AMP3142
0,AMP30
0,nonAMP128081
1,AMP2853
0,nonAMP97366
0,nonAMP163940
0,nonAMP14461
1,nonAMP156668
0,nonAMP87862
1,AMP2480
0,nonAMP25032
1,AMP2234
1,nonAMP62564
1,AMP909
1,AMP1030
1,AMP1659
0,nonAMP138844
1,AMP3082
0,nonAMP69240
0,AMP1254
0,AMP673
0,nonAMP101609
0,nonAMP66647
0,nonAMP16720
1,AMP2598
0,nonAMP135233
1,AMP1975
0,nonAMP37956
0,nonAMP42623
1,AMP476
1,AMP1334
0,nonAMP79920
0,AMP3237
0,nonAMP157906
0,AMP1298
0,nonAMP166551
1,AMP1062
1,nonAMP79539
0,nonAMP27469
0,nonAMP113212
0,nonAMP25525
1,AMP2800
1,AMP804
1,AMP2204
1,nonAMP57506
0,nonAMP139372
1,AMP368
1,AMP2676
1,AMP1929
0,nonAMP102262
1,AMP436
0,nonAMP151834
0,nonAMP71006
0,nonAMP149464
0,nonAMP100090
1,AMP78
0,nonAMP52580
1,AMP2085
0,nonAMP41845
0,nonAMP148500
1,AMP1441
1,AMP1220
0,AMP337
0,nonAMP107333
0,nonAMP90148
0,AMP352
1,AMP2644
1,AMP1955
1,AMP1430
1,AMP87
1,AMP1962
1,AMP2624
1,AMP1702
1,AMP1631
1,nonAMP165270
1,AMP1647
1,AMP96
1,nonAMP30128
1,AMP1973
1,AMP1506
0,nonAMP67486
0,nonAMP64511
1,AMP2077
1,AMP2213
1,AMP275
1,AMP2528
1,AMP547
0,nonAMP48987
1,AMP2565
1,AMP1956
1,AMP361
0,nonAMP96730
0,nonAMP29156
1,nonAMP53834
1,AMP2014
0,AMP1271
1,AMP1341
1,AMP857
0,nonAMP31828
0,nonAMP87459
0,nonAMP45766
0,nonAMP137747
0,AMP244
1,AMP2898
1,AMP2381
0,nonAMP42982
1,AMP3261
1,AMP993
1,AMP2954
1,AMP1982
1,nonAMP143420
1,nonAMP163386
0,nonAMP96182
0,nonAMP71510
1,AMP38
1,AMP1558
1,AMP2987
1,nonAMP147043
1,AMP1976
0,nonAMP43624
1,AMP84
0,nonAMP42041
1,nonAMP77434
0,nonAMP145266
1,AMP529
0,nonAMP2758
1,AMP1725
1,nonAMP28518
1,nonAMP111806
1,nonAMP96459
1,AMP3012
0,nonAMP60293
0,nonAMP3035
1,AMP3248
1,nonAMP29817
1,AMP1609
1,nonAMP83795
0,nonAMP64502
1,AMP1706
0,nonAMP147298
0,nonAMP39557
0,nonAMP101434
1,AMP1102
0,AMP2173
1,AMP761
1,AMP1025
0,nonAMP58367
0,nonAMP4381
1,AMP887
0,nonAMP68692
1,AMP1518
0,nonAMP85158
0,AMP1175
0,nonAMP105400
0,nonAMP48434
1,AMP1374
1,AMP3155
0,nonAMP90924
1,nonAMP122827
1,nonAMP78323
1,AMP2344
0,nonAMP139932
0,nonAMP128289
0,nonAMP39961
0,nonAMP131442
0,nonAMP75649
1,AMP2652
0,nonAMP152959
1,AMP2368
1,AMP1628
0,nonAMP100768
0,AMP3118
0,AMP3262
0,nonAMP56572
1,AMP365
1,AMP947
0,nonAMP136452
1,AMP576
1,AMP1529
1,AMP1505
0,AMP3088
0,nonAMP100192
0,nonAMP116088
1,AMP2861
0,nonAMP49685
1,nonAMP23522
1,AMP1855
1,AMP2534
0,nonAMP89325
1,AMP864
1,AMP2935
0,AMP1463
1,AMP2541
1,AMP37
1,AMP3179
0,nonAMP100906
0,nonAMP108521
0,nonAMP62970
1,AMP73
0,nonAMP74784
0,nonAMP33790
0,nonAMP26115
0,nonAMP40236
1,AMP1966
0,nonAMP79522
1,nonAMP51953
0,nonAMP37713
1,AMP596
0,nonAMP95134
0,nonAMP96575
0,nonAMP112793
1,nonAMP54524
0,nonAMP29463
0,nonAMP86984
0,nonAMP30132
1,AMP1448
0,nonAMP24350
1,AMP852
1,AMP2395
1,AMP860
1,AMP2262
0,nonAMP41390
0,nonAMP118415
1,AMP2162
1,AMP1393
0,nonAMP155379
0,nonAMP57415
0,AMP2982
0,nonAMP83233
1,nonAMP79881
0,nonAMP38399
0,nonAMP119425
1,AMP1718
1,AMP1613
1,AMP1712
1,AMP1038
1,AMP2260
0,nonAMP82088
1,AMP1977
1,AMP819
1,AMP1477
0,AMP2087
1,nonAMP59211
0,nonAMP75854
0,nonAMP132412
0,nonAMP96651
1,AMP597
1,AMP515
1,nonAMP53122
0,nonAMP20762
1,AMP1020
1,AMP329
1,AMP2332
0,nonAMP135496
0,nonAMP145249
0,nonAMP156217
0,nonAMP158209
1,AMP1105
0,nonAMP101391
1,AMP2694
0,nonAMP77152
0,nonAMP6385
0,nonAMP70897
1,nonAMP73047
0,nonAMP133863
1,AMP284
0,AMP3147
1,AMP2301
1,AMP3171
0,AMP2088
0,nonAMP16903
1,AMP3249
1,AMP577
1,AMP2922
1,AMP601
0,nonAMP158155
1,AMP2499
1,AMP2169
0,nonAMP160861
1,AMP822
1,AMP2983
1,nonAMP55294
0,nonAMP160221
1,AMP205
1,AMP1312
1,AMP942
0,nonAMP92042
0,nonAMP68441
0,nonAMP25072
0,nonAMP128339
0,nonAMP12604
1,AMP782
0,nonAMP92920
0,nonAMP102033
1,AMP2701
0,nonAMP25532
1,AMP1479
1,AMP2358
0,nonAMP145376
1,AMP2375
1,AMP2876
1,AMP1299
1,AMP842
0,AMP3186
0,nonAMP46969
0,nonAMP20858
1,AMP3196
1,nonAMP21321
1,AMP3030
0,nonAMP10079
0,nonAMP59968
0,nonAMP120518
1,AMP1525
1,AMP1864
1,AMP2798
0,nonAMP106122
1,AMP941
0,nonAMP133428
1,AMP2586
1,nonAMP51647
0,nonAMP140117
1,AMP2317
1,AMP1288
1,nonAMP33862
0,nonAMP10857
1,nonAMP158319
0,nonAMP56372
0,nonAMP17653
1,AMP1839
1,AMP1502
1,AMP376
1,AMP403
1,AMP1521
1,AMP968
0,nonAMP63075
1,nonAMP13212
0,nonAMP128427
0,nonAMP55354
1,AMP2403
1,AMP2409
1,AMP174
0,nonAMP85701
1,AMP1144
0,nonAMP103612
0,nonAMP73959
1,AMP1590
1,AMP969
1,AMP1738
0,nonAMP53225
1,AMP548
0,nonAMP73507
1,AMP68
0,nonAMP110659
1,AMP2656
1,AMP1391
1,AMP1465
0,nonAMP79190
0,nonAMP114360
0,nonAMP4042
1,nonAMP48519
1,AMP1671
0,nonAMP39692
1,AMP430
1,AMP979
1,AMP1262
1,AMP615
1,AMP1767
0,nonAMP47194
0,AMP2470
1,AMP1992
0,nonAMP45606
0,nonAMP55012
0,nonAMP120767
1,AMP773
0,nonAMP17711
0,nonAMP72075
1,AMP3135
1,AMP2933
1,AMP2305
1,nonAMP18036
1,nonAMP121919
1,nonAMP100138
1,AMP1224
0,nonAMP78152
0,nonAMP62397
1,AMP3167
0,nonAMP93545
1,AMP1426
0,nonAMP65148
1,AMP2575
1,nonAMP81700
0,AMP1361
0,nonAMP91460
1,AMP2267
1,AMP2043
1,AMP1680
0,nonAMP164662
0,nonAMP112087
1,AMP783
0,nonAMP102373
0,nonAMP91914
1,AMP2364
0,nonAMP58108
1,AMP3098
0,AMP3126
1,AMP2557
1,AMP273
0,nonAMP64076
1,nonAMP137345
0,nonAMP1880
0,nonAMP79590
1,AMP1919
1,AMP2290
1,AMP228
1,nonAMP48509
0,nonAMP138841
0,nonAMP43014
0,nonAMP48220
1,AMP2334
1,AMP689
1,AMP1154
0,nonAMP93736
1,AMP2773
1,nonAMP131631
1,AMP298
1,AMP962
0,AMP1028
1,AMP963
1,AMP1143
0,nonAMP117749
0,nonAMP105138
0,nonAMP41237
1,AMP95
0,nonAMP111387
1,AMP1611
0,nonAMP9811
1,AMP1859
1,AMP2446
1,AMP2845
0,nonAMP82561
0,nonAMP20253
1,AMP2324
1,nonAMP72444
0,nonAMP126569
1,AMP1303
0,nonAMP144430
1,AMP2612
1,nonAMP74994
0,AMP2125
0,nonAMP8329
1,AMP813
1,nonAMP808
1,AMP840
1,AMP1216
0,nonAMP38403
0,nonAMP13227
0,nonAMP133254
0,nonAMP92150
0,nonAMP91392
1,AMP1018
0,nonAMP56103
0,nonAMP115280
0,nonAMP155957
1,nonAMP92088
0,nonAMP108538
1,nonAMP3559
0,nonAMP105312
0,nonAMP103078
1,AMP2643
0,nonAMP125067
1,AMP1654
0,nonAMP13763
1,AMP306
0,AMP1125
0,nonAMP94701
1,nonAMP38029
0,nonAMP120327
0,nonAMP39813
0,nonAMP72752
0,nonAMP34254
0,nonAMP105575
1,nonAMP28749
1,AMP1788
1,AMP2109
0,nonAMP83301
1,nonAMP8426
1,nonAMP53034
0,nonAMP87420
0,AMP702
1,AMP1452
0,nonAMP54528
1,nonAMP104418
1,AMP279
1,nonAMP88811
0,nonAMP148150
0,AMP1630
0,nonAMP70464
0,AMP3156
1,AMP1773
1,AMP1729
0,AMP3119
0,nonAMP4065
0,nonAMP138644
0,nonAMP162813
1,AMP803
1,AMP931
1,AMP499
1,AMP2279
1,AMP1895
1,AMP1193
1,AMP1033
0,nonAMP73714
1,nonAMP6213
1,AMP641
1,nonAMP147484
1,AMP2684
0,nonAMP15048
0,nonAMP55647
0,AMP238
0,nonAMP63273
1,AMP599
0,nonAMP129782
1,AMP2830
0,nonAMP24544
1,AMP1761
1,AMP1741
0,nonAMP85221
1,AMP3076
0,nonAMP59903
1,AMP2175
1,AMP2814
1,AMP1939
1,AMP2614
0,nonAMP31013
1,AMP2796
1,AMP1620
0,nonAMP139933
0,nonAMP135935
0,nonAMP43389
0,nonAMP84090
1,AMP196
0,nonAMP149883
0,nonAMP87562
0,nonAMP132875
1,AMP2353
0,AMP1602
0,nonAMP105227
0,nonAMP36379
0,nonAMP121383
1,AMP984
0,nonAMP21606
1,AMP2512
0,nonAMP134722
1,AMP1984
1,AMP2291
1,nonAMP107673
1,AMP720
0,nonAMP146291
1,AMP1870
1,AMP2651
1,AMP784
1,AMP3168
1,AMP1618
1,AMP311
1,AMP926
0,nonAMP14814
0,nonAMP102986
0,nonAMP59117
1,nonAMP161468
0,nonAMP26037
0,nonAMP61119
0,nonAMP41121
1,AMP2298
1,AMP1961
0,nonAMP150566
0,nonAMP146486
1,nonAMP77161
1,AMP2347
0,nonAMP139879
0,nonAMP60203
1,AMP465
0,nonAMP92964
1,nonAMP23394
1,AMP662
1,AMP2641
1,AMP2742
0,nonAMP76640
0,nonAMP52373
1,nonAMP38311
0,nonAMP19825
0,nonAMP48899
1,AMP2789
0,nonAMP51117
1,AMP2315
1,AMP2858
1,AMP1377
0,AMP1148
1,AMP651
1,AMP1275
0,nonAMP127074
0,nonAMP126732
1,AMP1728
0,nonAMP46511
0,nonAMP66012
1,AMP304
0,AMP2688
1,AMP2034
0,nonAMP123189
1,AMP1042
1,AMP1110
1,AMP2252
1,AMP2090
1,AMP1665
0,nonAMP162923
0,nonAMP155073
0,nonAMP50277
1,nonAMP109198
0,nonAMP49278
1,AMP104
0,nonAMP155057
1,AMP1560
1,nonAMP68960
0,AMP2632
0,nonAMP93899
0,nonAMP139323
1,nonAMP115380
1,AMP110
0,nonAMP161405
1,AMP266
0,nonAMP153818
1,nonAMP17555
1,AMP989
0,nonAMP111660
1,AMP2354
0,nonAMP112898
0,nonAMP151674
1,nonAMP88677
0,nonAMP29066
0,nonAMP115692
1,nonAMP88040
0,nonAMP26813
1,AMP445
1,AMP1714
1,AMP2792
1,AMP506
1,AMP235
1,AMP1294
1,AMP1512
1,AMP167
0,nonAMP142001
1,AMP3256
0,nonAMP37309
0,nonAMP78244
1,AMP3104
1,nonAMP148570
1,nonAMP166736
1,AMP1080
0,nonAMP54288
0,nonAMP17791
1,AMP1754
0,nonAMP140516
0,AMP1494
1,AMP921
1,AMP1210
0,nonAMP107467
1,nonAMP110908
0,nonAMP48164
0,nonAMP118413
0,nonAMP146409
1,AMP64
1,AMP944
1,AMP2620
1,AMP2038
0,nonAMP43768
1,AMP144
0,nonAMP75399
0,nonAMP117282
1,AMP919
1,nonAMP14650
0,nonAMP21814
1,AMP2493
0,nonAMP106061
0,AMP1149
0,nonAMP118665
1,AMP1454
0,nonAMP51391
0,nonAMP75957
0,nonAMP15938
0,nonAMP99390
0,nonAMP132808
1,nonAMP88804
0,nonAMP77978
0,nonAMP12121
0,nonAMP108597
0,nonAMP126659
1,AMP2650
1,AMP3123
0,nonAMP98909
1,AMP1026
1,nonAMP116018
1,AMP2343
1,nonAMP148339
1,AMP2312
1,AMP1845
1,AMP996
1,AMP2812
1,AMP3160
1,AMP967
1,nonAMP112830
0,nonAMP153752
1,AMP1100
1,AMP2377
1,AMP2618
0,nonAMP89297
1,AMP1045
0,AMP3148
0,nonAMP16569
1,AMP1707
1,AMP2832
1,AMP905
0,AMP3036
0,nonAMP1510
1,AMP1117
0,nonAMP49702
1,AMP2254
0,nonAMP149876
0,nonAMP67644
0,nonAMP77660
0,nonAMP10298
1,AMP2124
1,AMP1721
1,AMP536
0,nonAMP159839
1,AMP1000
0,nonAMP118787
0,nonAMP19869
1,AMP2782
0,nonAMP137933
0,nonAMP10364
1,AMP2216
0,AMP1150
1,AMP2972
1,AMP2214
0,AMP3230
0,nonAMP166567
0,nonAMP8729
1,AMP47
1,AMP1592
0,nonAMP7767
1,AMP935
0,AMP3120
0,nonAMP17017
0,AMP1826
0,nonAMP101333
1,AMP1493
0,nonAMP79143
0,AMP46
0,nonAMP31517
0,nonAMP25377
0,nonAMP20235
1,nonAMP25038
0,nonAMP54356
1,AMP1539
0,nonAMP98415
1,AMP2081
0,nonAMP9000
0,nonAMP4351
0,nonAMP39943
1,AMP1696
0,nonAMP48292
1,AMP2906
1,AMP3090
1,nonAMP90970
0,nonAMP70779
0,nonAMP78357
1,AMP542
0,nonAMP8970
1,AMP1699
1,AMP3136
0,nonAMP99282
1,AMP657
0,nonAMP60545
1,AMP1082
1,AMP1370
1,AMP1901
0,nonAMP146218
1,AMP122
1,AMP1418
0,AMP45
0,nonAMP46533
0,nonAMP123790
0,nonAMP22678
0,nonAMP99277
0,nonAMP103095
1,AMP660
0,nonAMP126112
0,nonAMP149989
0,nonAMP108043
0,nonAMP67813
0,nonAMP144687
0,nonAMP39187
0,AMP350
1,AMP1122
1,AMP408
1,AMP1857
1,AMP1485
0,nonAMP125200
1,AMP138
0,nonAMP121850
0,nonAMP89955
1,AMP2370
1,AMP2337
1,AMP746
0,nonAMP48222
0,nonAMP27068
0,nonAMP141051
0,nonAMP42104
1,AMP2410
1,nonAMP5593
1,AMP2231
1,AMP486
1,AMP404
0,nonAMP118024
0,nonAMP153494
0,nonAMP96993
1,AMP152
0,nonAMP158309
1,AMP2538
0,nonAMP94955
1,AMP3068
1,nonAMP69613
1,AMP2457
1,AMP567
1,nonAMP103549
0,nonAMP138231
0,nonAMP121386
0,nonAMP1851
0,nonAMP22173
1,nonAMP65099
0,nonAMP49276
1,AMP1330
0,nonAMP8846
1,nonAMP27964
1,nonAMP131973
0,nonAMP103186
1,AMP1798
1,AMP472
0,nonAMP159792
0,AMP1632
1,AMP1686
1,AMP2884
0,nonAMP99437
1,nonAMP136399
0,nonAMP135991
1,nonAMP125598
0,nonAMP750
1,AMP1534
0,nonAMP55926
1,AMP1223
0,nonAMP28484
1,nonAMP46455
1,AMP1376
1,AMP2026
1,AMP2548
0,nonAMP76524
0,nonAMP105595
1,AMP2236
0,nonAMP6647
0,nonAMP53712
1,AMP1436
0,nonAMP79538
1,AMP2227
0,nonAMP51455
1,AMP2419
0,nonAMP98035
0,nonAMP142765
0,nonAMP31304
1,AMP1252
1,AMP1423
0,nonAMP94361
0,nonAMP156385
1,AMP1335
1,AMP44
0,nonAMP72840
1,nonAMP50132
0,nonAMP59400
1,AMP3028
1,nonAMP94379
1,AMP2578
1,nonAMP78563
0,nonAMP79209
1,AMP1727
1,AMP1172
1,AMP839
1,nonAMP3580
0,nonAMP142051
1,AMP1850
0,nonAMP141099
0,nonAMP33780
1,AMP2976
0,nonAMP46757
1,AMP1019
1,AMP1644
1,AMP2194
0,nonAMP143494
0,nonAMP45034
0,AMP2932
0,nonAMP150490
0,nonAMP16273
1,AMP287
0,AMP2791
1,AMP2336
0,nonAMP128022
1,AMP1564
1,nonAMP135636
0,nonAMP48159
1,AMP1222
0,nonAMP138411
1,AMP1771
0,AMP484
0,AMP1827
1,nonAMP153929
1,AMP2604
1,AMP2759
1,AMP199
1,AMP441
1,AMP2645
1,AMP653
0,AMP39
1,AMP1698
0,AMP1255
0,nonAMP165823
1,AMP2533
0,nonAMP78074
0,nonAMP90651
0,nonAMP148810
0,nonAMP157126
0,nonAMP97599
0,nonAMP156519
0,nonAMP7432
1,AMP624
1,AMP1758
0,nonAMP12374
1,nonAMP59276
1,AMP2296
0,nonAMP164408
1,AMP2217
0,nonAMP90612
0,nonAMP27481
1,nonAMP152456
0,nonAMP137719
1,AMP2123
0,nonAMP60858
1,AMP1246
0,nonAMP107776
0,nonAMP66967
1,AMP1708
1,AMP1368
1,AMP1756
1,AMP1151
1,AMP1451
0,nonAMP151162
1,nonAMP100760
1,AMP1887
1,nonAMP13536
1,AMP2208
1,AMP1545
1,AMP1679
0,nonAMP79811
0,nonAMP14180
0,AMP166
0,nonAMP122629
0,AMP3040
0,nonAMP90573
0,nonAMP18856
1,nonAMP109136
0,nonAMP50742
0,nonAMP38916
0,nonAMP59827
1,AMP2747
0,AMP1624
0,nonAMP115367
1,AMP259
1,AMP1134
0,nonAMP91117
0,AMP1987
1,nonAMP136728
0,nonAMP2652
1,AMP255
0,nonAMP110783
1,nonAMP146831
1,AMP1637
1,nonAMP149432
0,nonAMP34233
0,nonAMP90514
0,nonAMP156902
1,AMP2690
0,AMP837
0,nonAMP157988
0,nonAMP28760
0,nonAMP36107
1,AMP467
0,nonAMP49438
1,AMP1083
0,nonAMP144271
0,AMP798
1,AMP2020
0,nonAMP143840
0,nonAMP40617
0,nonAMP79661
1,AMP2766
0,AMP1121
0,nonAMP81210
0,nonAMP138997
1,AMP759
0,nonAMP116184
0,AMP3064
1,nonAMP93254
0,AMP2273
0,nonAMP54799
1,nonAMP144825
1,nonAMP166117
1,AMP2810
0,nonAMP69031
1,AMP1313
1,AMP2846
0,nonAMP144107
1,AMP2664
0,nonAMP30259
1,AMP2783
1,AMP2904
0,AMP3034
0,AMP3201
1,AMP1478
0,nonAMP154772
0,AMP981
0,AMP2880
0,nonAMP94318
0,nonAMP50793
1,nonAMP30040
0,nonAMP130483
1,nonAMP51993
1,AMP1648
1,nonAMP131794
0,nonAMP53267
1,AMP1888
0,AMP3209
0,nonAMP72189
1,AMP2270
0,nonAMP51867
0,nonAMP91314
1,AMP906
0,nonAMP131654
1,AMP2016
1,AMP1604
1,AMP1327
1,AMP3177
1,AMP3228
0,nonAMP148760
0,nonAMP69807
1,AMP2607
1,nonAMP84975
1,AMP2392
0,nonAMP45159
1,AMP1636
0,nonAMP13089
1,nonAMP41301
1,AMP2813
0,AMP1753
1,AMP2748
0,nonAMP113133
1,nonAMP22427
0,nonAMP32041
1,AMP2450
0,nonAMP37660
0,nonAMP3920
1,AMP774
1,nonAMP42178
0,nonAMP13063
0,nonAMP46480
0,nonAMP29748
0,nonAMP74342
1,AMP877
0,nonAMP158499
1,nonAMP55456
0,nonAMP9069
1,AMP370
0,nonAMP120341
1,nonAMP34811
1,nonAMP13459
1,AMP1048
0,AMP3143
1,AMP824
0,nonAMP117079
1,AMP2318
0,nonAMP147906
1,AMP2966
1,nonAMP148929
0,nonAMP1156
1,nonAMP64236
1,AMP2889
1,AMP1972
1,AMP1058
1,AMP129
0,nonAMP75411
0,nonAMP40480
0,nonAMP53961
0,nonAMP21051
0,nonAMP80581
0,AMP3207
0,nonAMP88865
1,AMP1509
1,AMP1417
1,AMP272
0,AMP1104
1,AMP2379
1,nonAMP37363
0,nonAMP132896
1,AMP1248
0,nonAMP93970
0,AMP2924
1,AMP814
1,AMP142
1,AMP1052
1,nonAMP12524
1,AMP2918
1,AMP1807
1,AMP447
1,AMP3057
0,nonAMP66613
0,AMP3046
1,AMP1507
1,AMP359
0,nonAMP41916
0,nonAMP163912
1,nonAMP125233
0,nonAMP107264
1,nonAMP48494
1,AMP1862
0,nonAMP62858
0,nonAMP48298
1,nonAMP85206
1,AMP2685
0,nonAMP79790
0,nonAMP96931
0,nonAMP89958
1,AMP313
0,nonAMP142504
0,AMP3115
1,AMP413
1,AMP2362
0,AMP2108
0,AMP2571
0,nonAMP111565
1,AMP2737
1,nonAMP100704
1,nonAMP129011
0,nonAMP126932
1,AMP2703
0,nonAMP154557
0,AMP2980
1,AMP100
0,nonAMP57247
1,AMP2986
1,AMP3266
1,nonAMP12079
1,AMP612
0,nonAMP80112
1,nonAMP31
0,nonAMP79129
1,AMP147
1,AMP928
1,nonAMP99714
1,AMP386
1,nonAMP34273
1,AMP1238
0,AMP213
0,nonAMP159266
0,nonAMP162886
0,nonAMP159250
1,AMP1520
0,nonAMP89255
0,nonAMP45103
0,nonAMP138444
1,AMP1905
0,nonAMP44584
0,nonAMP96447
0,nonAMP91196
0,nonAMP122225
1,AMP2328
0,nonAMP26972
0,nonAMP42335
1,AMP1981
0,nonAMP126486
0,nonAMP32288
0,nonAMP66489
1,nonAMP104514
0,nonAMP46858
0,nonAMP163578
1,AMP2635
1,AMP712
1,AMP2787
0,nonAMP97737
1,nonAMP91956
1,AMP2621
1,nonAMP78140
1,AMP2999
1,AMP2636
0,nonAMP35168
1,AMP1146
1,AMP1847
1,AMP2275
0,AMP2117
0,nonAMP160856
1,AMP2407
0,AMP267
0,nonAMP151126
1,AMP1360
0,nonAMP88113
1,AMP1215
0,nonAMP63817
0,nonAMP74590
0,nonAMP106076
0,nonAMP128988
0,AMP2215
0,nonAMP19267
1,AMP363
1,AMP2070
0,nonAMP74147
0,AMP161
1,AMP2246
0,nonAMP127069
0,nonAMP35147
1,AMP498
1,AMP1365
0,AMP1268
0,nonAMP124967
0,nonAMP14256
0,nonAMP68200
1,nonAMP19122
0,nonAMP120069
0,AMP1318
0,nonAMP89861
1,AMP853
1,AMP715
1,nonAMP121070
0,AMP2021
1,AMP589
1,AMP2307
0,AMP2259
1,AMP688
1,AMP164
1,AMP2648
1,AMP2997
0,nonAMP85555
1,AMP1163
0,nonAMP145523
0,nonAMP68933
1,nonAMP161026
1,AMP1372
1,AMP1390
0,AMP3241
0,nonAMP9289
0,nonAMP163533
1,nonAMP124969
1,nonAMP135310
1,AMP1951
1,AMP2683
1,nonAMP72712
1,nonAMP137197
0,nonAMP4279
1,nonAMP120940
1,AMP1160
0,nonAMP15787
1,nonAMP39634
0,nonAMP160509
1,AMP2739
0,nonAMP78822
0,nonAMP28947
0,nonAMP161738
1,AMP1782
1,AMP2681
0,nonAMP78062
0,nonAMP13722
1,AMP2335
1,nonAMP154666
1,AMP2995
1,AMP2168
0,nonAMP60349
1,AMP3176
0,nonAMP67035
1,AMP1735
1,AMP1717
1,AMP955
1,AMP1283
1,AMP2563
0,nonAMP110605
0,nonAMP147748
1,nonAMP92118
0,nonAMP53110
0,AMP3038
0,nonAMP53078
1,AMP1431
1,AMP1872
1,nonAMP61827
1,nonAMP127088
1,nonAMP27546
1,AMP2527
0,nonAMP97293
0,nonAMP117685
0,nonAMP130514
0,nonAMP68972
0,nonAMP90956
0,nonAMP125942
1,AMP1802
0,nonAMP58342
0,AMP1429
0,AMP2943
1,AMP124
1,AMP2756
0,nonAMP158226
1,AMP330
1,AMP2360
1,AMP1192
1,AMP1005
0,AMP217
1,AMP3029
0,nonAMP74466
0,nonAMP53339
1,nonAMP31181
0,nonAMP120555
0,AMP580
1,AMP2112
0,nonAMP61394
1,AMP626
0,AMP2155
0,nonAMP27335
1,AMP3101
0,nonAMP6319
0,nonAMP104424
1,AMP2210
0,nonAMP94147
1,AMP1999
1,nonAMP74505
1,AMP2960
1,nonAMP70633
1,AMP171
0,nonAMP109090
0,nonAMP8911
1,AMP1179
0,nonAMP72593
0,nonAMP127939
1,AMP2177
0,nonAMP9388
0,nonAMP93293
0,nonAMP144976
0,nonAMP32890
0,nonAMP66166
1,AMP339
1,AMP2292
1,AMP2554
1,AMP1123
0,nonAMP163080
0,nonAMP145586
0,nonAMP54000
0,AMP2106
0,nonAMP133803
0,AMP2469
1,AMP225
0,nonAMP68149
1,AMP3110
1,AMP1515
0,nonAMP145832
0,nonAMP110495
0,AMP2510
1,nonAMP65446
0,nonAMP35267
0,nonAMP77380
1,AMP2988
0,nonAMP10455
1,AMP1356
1,AMP513
0,nonAMP117409
0,AMP2068
0,nonAMP128843
1,AMP3072
0,nonAMP115374
0,AMP2871
1,AMP835
1,AMP2850
0,nonAMP57662
0,nonAMP26652
0,nonAMP100312
0,nonAMP129048
1,AMP1490
0,nonAMP41848
0,nonAMP88520
0,nonAMP51851
1,AMP2264
0,nonAMP37164
0,AMP136
1,AMP903
1,AMP2801
0,nonAMP111500
1,nonAMP89111
0,nonAMP166184
1,nonAMP77656
0,AMP2086
0,AMP1573
1,AMP3111
1,AMP18
0,AMP3161
0,nonAMP116499
0,nonAMP104287
1,AMP3066
0,nonAMP63787
1,AMP1650
0,nonAMP141745
0,nonAMP17219
0,nonAMP80923
0,nonAMP113093
1,AMP2479
0,nonAMP144724
0,AMP1883
1,AMP904
1,nonAMP39978
1,AMP2202
0,AMP3001
1,AMP932
1,AMP3108
1,AMP1899
1,AMP2449
0,nonAMP157012
0,AMP56
0,nonAMP119527
0,AMP1468
0,nonAMP84409
0,nonAMP49980
1,AMP2520
0,nonAMP52691
0,nonAMP3234
0,nonAMP96258
0,nonAMP154147
0,nonAMP3497
1,AMP1024
0,nonAMP44959
0,nonAMP110146
0,nonAMP136694
0,nonAMP47368
1,AMP1380
1,AMP2606
0,nonAMP98054
1,AMP1059
1,AMP2998
0,nonAMP99648
0,AMP1228
0,nonAMP67993
1,nonAMP70593
0,nonAMP79578
1,AMP915
0,nonAMP60514
1,AMP870
1,AMP1142
0,AMP2605
0,nonAMP35938
1,AMP1035
1,nonAMP69242
1,AMP1153
1,AMP3091
1,AMP234
1,nonAMP158103
1,AMP216
0,AMP697
1,nonAMP162866
0,nonAMP25818
1,AMP2682
1,AMP1195
1,AMP2382
1,AMP2937
0,AMP2150
0,nonAMP20899
1,AMP2000
1,AMP2817
0,nonAMP47802
1,AMP2609
1,AMP374
1,AMP418
0,nonAMP153435
0,nonAMP140777
0,nonAMP84559
1,AMP2670
0,nonAMP47618
1,AMP664
1,AMP1575
0,AMP3188
1,AMP219
0,nonAMP4391
1,AMP1456
1,AMP2831
1,AMP2513
0,AMP2179
0,nonAMP128110
1,AMP916
1,AMP2320
0,nonAMP12700
1,AMP2991
1,AMP2201
1,AMP2597
0,nonAMP126405
0,nonAMP16262
1,nonAMP59657
1,AMP2198
0,nonAMP129082
0,nonAMP73470
0,nonAMP75930
1,nonAMP98073
0,nonAMP87262
1,AMP563
0,nonAMP82596
1,AMP2306
1,AMP431
1,AMP2289
0,nonAMP25339
1,AMP175
1,AMP729
0,nonAMP37859
1,AMP1511
0,nonAMP118793
0,nonAMP70868
0,nonAMP91502
0,nonAMP122576
1,AMP1894
1,AMP1641
0,AMP1054
1,AMP1249
0,nonAMP108669
1,AMP3239
0,nonAMP37501
0,nonAMP136851
0,nonAMP120346
1,AMP796
1,AMP2376
1,AMP36
0,nonAMP89614
1,AMP1331
0,nonAMP3252
1,AMP2390
1,AMP694
1,AMP487
1,AMP2819
1,AMP2011
0,AMP3263
1,AMP1437
0,nonAMP86607
1,AMP1578
1,AMP930
0,nonAMP80582
0,AMP483
1,AMP2329
0,nonAMP112902
0,nonAMP17351
1,AMP34
1,AMP1245
0,nonAMP7703
0,nonAMP122863
0,nonAMP99758
1,AMP643
0,nonAMP2734
0,nonAMP39507
0,nonAMP30632
0,nonAMP10854
1,AMP2433
1,AMP2908
0,nonAMP107551
0,nonAMP1332
1,AMP2319
1,AMP1913
0,nonAMP73147
1,AMP41
0,nonAMP69014
0,nonAMP76880
0,nonAMP125388
0,nonAMP21435
0,nonAMP35101
0,nonAMP63861
0,nonAMP158920
0,nonAMP8817
0,nonAMP114724
0,nonAMP59020
1,AMP1197
1,nonAMP138999
1,AMP802
0,nonAMP114750
0,AMP927
0,nonAMP128313
0,nonAMP154608
1,AMP2661
0,nonAMP66630
0,AMP1746
1,AMP392
0,nonAMP54860
0,nonAMP147338
1,AMP2596
1,AMP668
0,AMP2069
0,nonAMP101441
0,AMP2903
0,nonAMP138919
0,AMP193
0,nonAMP127856
1,AMP1503
1,AMP559
0,nonAMP124262
0,nonAMP77840
0,nonAMP73250
1,AMP954
1,nonAMP58331
1,nonAMP21422
0,nonAMP380
0,nonAMP79110
0,nonAMP131528
1,AMP456
1,AMP468
1,AMP704
1,AMP517
0,nonAMP31829
1,AMP883
0,nonAMP135459
1,AMP522
0,nonAMP80105
0,nonAMP93350
0,nonAMP90960
0,nonAMP41847
0,nonAMP61493
0,AMP214
1,AMP2975
1,AMP3178
1,AMP1549
1,AMP1952
0,nonAMP68954
1,nonAMP115665
1,AMP1681
1,AMP1734
1,AMP2369
0,nonAMP53534
0,nonAMP146438
1,AMP2422
0,nonAMP86262
1,nonAMP138073
1,AMP1281
0,nonAMP155819
0,nonAMP2962
1,AMP793
1,AMP925
0,nonAMP83870
0,AMP1684
1,AMP2269
0,nonAMP8667
1,AMP1111
1,AMP1097
1,AMP1184
1,AMP1711
1,AMP640
0,nonAMP89578
1,nonAMP37568
1,AMP3000
0,nonAMP84339
0,nonAMP127587
0,nonAMP14774
1,AMP466
1,nonAMP8569
1,AMP1963
0,nonAMP9630
0,AMP179
1,nonAMP23257
0,AMP111
0,nonAMP21360
0,nonAMP88871
1,nonAMP27483
1,AMP2400
0,nonAMP95138
0,nonAMP127405
1,AMP3062
0,nonAMP152954
0,nonAMP86364
1,nonAMP36171
1,AMP1113
0,nonAMP130065
1,AMP893
0,AMP60
1,AMP3079
1,AMP1147
1,AMP3218
0,nonAMP18862
1,AMP607
0,nonAMP44780
0,nonAMP111429
0,nonAMP67046
1,AMP2622
1,AMP1279
0,nonAMP109396
1,AMP3232
0,nonAMP98955
0,nonAMP42534
1,AMP454
0,AMP1815
1,AMP285
1,AMP1833
0,nonAMP77853
1,nonAMP37595
1,AMP2843
0,nonAMP12783
0,nonAMP19223
1,AMP1747
1,AMP691
0,nonAMP54344
1,AMP2089
1,nonAMP122434
0,nonAMP139093
0,nonAMP34645
0,nonAMP134402
0,AMP3035
0,nonAMP12027
1,AMP1161
1,AMP531
0,nonAMP115318
0,nonAMP52889
1,AMP2631
0,nonAMP63745
1,AMP417
0,nonAMP83733
1,AMP1705
1,AMP2285
1,nonAMP157236
0,nonAMP114893
1,AMP2553
1,AMP1434
1,AMP439
0,nonAMP98182
0,nonAMP86335
1,AMP2594
0,AMP1178
1,AMP606
0,nonAMP37208
0,nonAMP100270
0,nonAMP52958
1,nonAMP67785
1,AMP242
0,AMP1126
1,AMP1607
0,nonAMP7423
1,AMP663
0,nonAMP14808
1,AMP645
1,AMP349
1,AMP1589
0,nonAMP94526
1,AMP781
0,nonAMP41189
1,nonAMP79737
0,nonAMP148042
0,AMP101
1,AMP808
1,AMP2679
1,AMP3121
1,AMP94
0,AMP89
1,AMP1749
1,AMP2963
0,nonAMP135655
0,nonAMP151250
1,AMP452
1,AMP2993
0,nonAMP137581
1,AMP1382
1,AMP2860
0,nonAMP92879
1,AMP296
0,AMP183
1,AMP2900
0,nonAMP63516
1,nonAMP105021
0,nonAMP131162
0,nonAMP83251
1,AMP2615
0,nonAMP82144
0,nonAMP151589
0,nonAMP127904
1,AMP139
0,nonAMP22701
1,AMP1428
0,nonAMP102242
0,AMP3189
1,AMP794
0,nonAMP27830
1,AMP2522
0,AMP684
1,nonAMP51612
1,AMP3206
0,nonAMP17865
1,AMP1444
0,AMP2143
1,AMP1993
1,AMP207
0,nonAMP141495
0,nonAMP9210
0,nonAMP165733
0,nonAMP154265
0,AMP3058
1,AMP848
0,nonAMP41636
0,nonAMP93880
1,AMP1218
0,nonAMP90642
0,nonAMP23391
1,nonAMP14886
1,AMP2588
1,AMP1367
1,AMP2393
0,AMP3213
1,AMP1483
1,AMP2945
1,AMP401
1,AMP1513
0,nonAMP78438
1,AMP333
0,nonAMP34399
1,AMP978
1,AMP2
0,nonAMP153741
1,AMP620
1,AMP1880
0,nonAMP124987
0,nonAMP111999
1,AMP380
0,nonAMP56422
1,AMP2708
1,nonAMP84392
0,AMP2126
0,AMP2776
1,AMP2466
1,AMP598
0,AMP2171
0,nonAMP102188
0,nonAMP60044
0,nonAMP38128
1,AMP1379
1,AMP533
0,nonAMP122435
1,nonAMP132301
0,nonAMP59921
0,nonAMP144802
1,AMP1108
1,AMP2005
0,AMP3203
0,nonAMP111539
0,nonAMP45801
1,AMP1460
0,AMP409
0,nonAMP155697
1,AMP656
1,nonAMP42196
1,AMP2584
1,AMP2475
1,AMP690
1,AMP2037
1,nonAMP70023
0,nonAMP68669
0,nonAMP72501
0,nonAMP102709
1,nonAMP7058
1,AMP2107
0,nonAMP26929
1,AMP1948
0,nonAMP156408
0,AMP872
0,nonAMP59641
1,AMP1087
0,AMP1130
0,nonAMP150930
0,nonAMP124522
1,AMP1519
1,AMP347
0,AMP2191
1,AMP1289
0,nonAMP78670
0,AMP2901
0,nonAMP67007
1,AMP1755
0,AMP2207
1,AMP2543
1,AMP2519
0,nonAMP48377
0,nonAMP28939
0,nonAMP95498
1,nonAMP99152
0,nonAMP54251
1,nonAMP154375
1,AMP239
1,nonAMP80443
1,AMP3173
0,nonAMP44054
0,nonAMP17860
0,AMP2131
1,AMP151
1,AMP1381
0,AMP1132
0,nonAMP51566
1,AMP2689
0,nonAMP137382
1,AMP731
1,AMP2060
1,AMP2406
0,nonAMP138861
0,nonAMP153175
1,AMP331
1,AMP1768
0,nonAMP151511
0,nonAMP103683
1,AMP3175
1,nonAMP75444
0,nonAMP117568
0,nonAMP32982
1,AMP1324
1,AMP1225
0,nonAMP26205
1,AMP2774
1,AMP1145
0,nonAMP97223
0,nonAMP47560
1,AMP1487
1,AMP3150
0,AMP496
0,nonAMP12236
0,AMP2928
1,AMP885
1,nonAMP101315
1,nonAMP61501
0,nonAMP164274
0,nonAMP97792
0,nonAMP5073
1,AMP539
1,AMP2734
1,nonAMP41875
1,AMP1405
0,nonAMP65115
1,AMP1471
0,nonAMP121616
1,AMP1695
1,AMP1772
1,AMP769
1,nonAMP43820
0,nonAMP147067
1,AMP2463
1,AMP130
1,AMP1162
0,nonAMP119350
1,AMP1467
0,AMP2714
0,nonAMP145869
0,nonAMP54340
0,nonAMP87341
0,nonAMP26201
1,AMP2030
1,AMP3267
1,nonAMP42688
0,nonAMP114315
1,AMP10
0,nonAMP155989
1,nonAMP46158
0,nonAMP128645
0,nonAMP84691
1,AMP1763
0,AMP1348
1,AMP477
0,nonAMP106046
1,AMP0
1,nonAMP53087
0,nonAMP114473
0,nonAMP52003
1,AMP717
1,AMP27
1,AMP2687
1,AMP2521
0,AMP2134
1,AMP1640
0,nonAMP161438
0,nonAMP48022
0,nonAMP132516
0,nonAMP104799
0,nonAMP115398
1,AMP1851
1,AMP832
0,nonAMP56140
1,AMP740
0,nonAMP100069
0,nonAMP61111
1,AMP1803
0,AMP625
0,nonAMP41981
0,AMP649
0,nonAMP136163
0,AMP2841
1,AMP1074
0,nonAMP82013
1,AMP1777
0,nonAMP11687
1,AMP2366
0,nonAMP154816
1,AMP911
0,nonAMP163474
1,nonAMP97772
1,AMP2462
1,AMP1129
0,nonAMP120460
1,AMP1957
0,nonAMP61192
0,nonAMP92011
0,nonAMP15795
0,nonAMP30261
1,nonAMP6261
1,nonAMP46987
1,AMP1920
0,AMP1354
0,nonAMP45802
1,AMP964
0,nonAMP9153
0,nonAMP166689
0,nonAMP49332
0,nonAMP13814
0,AMP1242
1,AMP812
0,nonAMP121808
0,nonAMP26280
0,nonAMP141776
1,AMP301
1,AMP2788
1,AMP2941
0,AMP500
0,nonAMP48758
0,nonAMP2056
0,nonAMP27770
1,AMP718
1,AMP757
1,AMP1036
0,AMP2617
0,nonAMP2504
0,nonAMP69531
0,AMP2637
1,AMP1709
1,AMP2346
1,AMP1185
0,nonAMP24234
0,nonAMP93688
1,AMP693
0,nonAMP130695
1,AMP2927
1,AMP1616
0,nonAMP23433
1,AMP1043
1,AMP2055
0,AMP2505
1,AMP177
0,nonAMP74964
0,nonAMP28844
1,nonAMP76920
1,AMP366
1,AMP1337
1,AMP345
1,AMP1409
1,AMP385
1,AMP1013
1,AMP2702
0,nonAMP117073
0,AMP2424
1,AMP2592
0,nonAMP100030
1,AMP106
0,AMP14
0,nonAMP18319
0,nonAMP82262
1,AMP407
0,nonAMP146344
0,nonAMP158240
0,nonAMP164897
1,AMP2445
0,nonAMP162909
0,nonAMP64370
1,AMP2384
1,AMP146
0,nonAMP44582
0,nonAMP138005
0,nonAMP150290
1,AMP1566
0,nonAMP97428
1,AMP1760
0,nonAMP94274
0,nonAMP101575
0,AMP586
0,nonAMP115788
1,AMP1831
0,nonAMP70259
0,AMP638
1,AMP3106
1,AMP829
1,AMP588
1,AMP1923
1,AMP2561
1,AMP1821
0,nonAMP23438
1,AMP2508
0,nonAMP148216
0,nonAMP3362
0,nonAMP72590
1,nonAMP55978
0,nonAMP41461
1,nonAMP142225
1,AMP2990
1,AMP1362
0,nonAMP156842
0,nonAMP38255
0,nonAMP103766
0,nonAMP92753
0,nonAMP33985
0,nonAMP36390
1,AMP2516
0,AMP1713
0,nonAMP51216
1,AMP358
1,AMP314
1,AMP2555
0,nonAMP67638
1,AMP1544
0,nonAMP115750
0,nonAMP102339
1,nonAMP11328
0,AMP1797
1,AMP2746
0,nonAMP87445
0,nonAMP102094
0,nonAMP110351
1,AMP3005
0,nonAMP8475
0,nonAMP115238
1,AMP2111
0,nonAMP144035
0,nonAMP155355
0,nonAMP88976
1,AMP826
1,nonAMP109489
0,nonAMP86895
0,nonAMP155917
1,AMP3045
1,AMP2458
0,nonAMP22974
0,nonAMP115466
0,nonAMP124360
1,AMP1167
0,nonAMP124318
0,nonAMP125353
1,AMP1595
1,AMP741
0,nonAMP120170
1,AMP999
1,AMP2712
1,nonAMP127324
0,nonAMP68188
1,AMP2053
1,AMP1796
1,AMP1810
1,AMP1257
1,AMP2891
1,AMP2942
1,AMP751
1,nonAMP123415
0,nonAMP18942
1,AMP1967
0,nonAMP153176
0,AMP2461
1,AMP2875
0,nonAMP2306
1,AMP1050
0,nonAMP131961
0,nonAMP28457
0,nonAMP39643
1,AMP922
1,nonAMP84251
1,AMP2474
1,AMP1119
1,AMP155
1,AMP371
0,nonAMP160478
0,nonAMP87623
0,nonAMP77946
0,AMP1660
1,AMP1824
1,AMP1878
0,nonAMP28833
0,nonAMP64914
1,AMP1783
1,AMP2930
0,nonAMP88237
0,nonAMP15425
1,AMP416
0,nonAMP69193
1,nonAMP130131
0,nonAMP90486
1,AMP2778
1,AMP1726
0,nonAMP12199
0,AMP2325
1,AMP2029
1,AMP1165
0,nonAMP9838
1,AMP841
0,nonAMP146505
1,nonAMP59243
0,nonAMP36618
0,nonAMP41520
0,nonAMP11895
0,AMP133
0,nonAMP76634
1,AMP1825
1,AMP2418
1,AMP1820
0,nonAMP139980
0,nonAMP46558
0,AMP2471
0,nonAMP120187
0,nonAMP34058
1,nonAMP66500
0,nonAMP67886
1,AMP282
0,nonAMP157930
1,AMP1732
0,nonAMP105036
0,nonAMP147120
1,AMP2225
1,AMP1572
1,AMP270
1,AMP2051
0,nonAMP90008
1,AMP362
1,AMP587
0,nonAMP92216
0,nonAMP96153
0,nonAMP81846
0,nonAMP93337
1,AMP2414
0,nonAMP15462
1,AMP603
1,AMP1199
0,nonAMP139286
1,nonAMP81651
0,nonAMP108925
1,nonAMP21465
1,AMP421
0,nonAMP102430
1,AMP2947
0,AMP566
1,AMP1983
0,nonAMP32569
0,AMP1988
0,nonAMP61335
1,AMP49
1,AMP1057
0,nonAMP72753
0,nonAMP26368
1,AMP2878
0,nonAMP113185
1,AMP2072
0,nonAMP155761
0,nonAMP33773
0,nonAMP146866
0,AMP2019
1,AMP1314
0,nonAMP116895
1,AMP1278
0,nonAMP89310
1,AMP2119
0,AMP3015
0,nonAMP77068
1,AMP3152
0,nonAMP125926
1,AMP2176
0,nonAMP47797
1,AMP1096
0,nonAMP76267
1,AMP1950
1,AMP97
1,AMP869
0,nonAMP47627
1,AMP2973
1,AMP2823
0,nonAMP140731
0,nonAMP9303
1,AMP1309
1,AMP681
0,nonAMP18980
0,nonAMP54141
1,AMP446
1,AMP765
0,nonAMP117384
1,AMP2663
1,AMP1745
0,nonAMP76617
0,nonAMP15881
1,AMP2619
1,AMP1933
0,nonAMP64580
1,AMP290
1,AMP2740
1,nonAMP69813
0,nonAMP37346
1,AMP537
0,nonAMP108847
0,nonAMP55028
0,AMP2245
1,AMP621
0,nonAMP662
0,nonAMP35389
0,nonAMP79405
1,AMP674
0,nonAMP22653
1,AMP770
1,AMP13
0,nonAMP60783
1,AMP692
0,nonAMP99167
0,nonAMP58010
1,AMP1953
1,AMP2859
0,nonAMP19004
1,AMP2765
1,AMP490
1,AMP126
0,nonAMP92141
0,nonAMP12458
1,AMP2971
1,AMP1499
1,AMP1287
1,nonAMP74716
0,AMP137
0,nonAMP131712
1,AMP1114
1,nonAMP55062
1,AMP1638
1,AMP460
0,nonAMP128403
1,AMP2863
1,AMP1896
0,AMP252
1,AMP2151
1,AMP1915
0,nonAMP151239
0,nonAMP84995
1,nonAMP125204
0,nonAMP31047
1,AMP913
0,nonAMP54212
0,nonAMP18697
0,nonAMP32904
1,nonAMP48137
1,AMP2158
1,AMP2659
0,nonAMP160489
1,AMP1932
1,AMP1230
0,nonAMP81207
1,nonAMP31968
0,nonAMP100732
0,nonAMP139829
0,AMP1466
1,nonAMP156645
1,AMP2080
0,nonAMP29090
1,nonAMP148234
1,AMP2673
0,nonAMP53918
0,nonAMP44900
1,AMP934
0,nonAMP71526
1,AMP1786
1,AMP3103
0,nonAMP25506
1,AMP1427
0,nonAMP20836
1,AMP455
0,nonAMP95775
1,AMP1552
1,nonAMP96809
1,AMP2196
1,AMP2921
0,AMP398
1,AMP1615
1,AMP1094
0,AMP628
0,nonAMP56244
0,nonAMP90036
0,nonAMP78493
0,nonAMP123965
1,nonAMP125119
0,nonAMP97896
1,AMP2715
1,nonAMP67875
1,nonAMP154034
0,nonAMP31614
0,nonAMP56786
1,AMP2206
1,nonAMP30865
1,nonAMP64387
0,nonAMP100638
1,AMP149
0,nonAMP145213
0,nonAMP12580
0,nonAMP25143
0,nonAMP73498
1,AMP1944
1,AMP443
0,nonAMP88639
1,AMP2394
0,nonAMP141990
1,AMP1904
1,AMP666
0,AMP2116
0,nonAMP109071
1,nonAMP117861
0,nonAMP42582
0,AMP2096
1,AMP1032
1,AMP1938
0,nonAMP29948
0,nonAMP126802
1,AMP1412
1,AMP2374
0,nonAMP33970
1,AMP2339
1,nonAMP69051
1,AMP2733
0,AMP2185
1,AMP1814
1,AMP1133
1,nonAMP105967
0,nonAMP81872
0,nonAMP30561
1,nonAMP92409
1,AMP2133
0,nonAMP77740
1,AMP3190
1,AMP849
1,AMP19
1,nonAMP80315
0,nonAMP56556
1,AMP1158
1,nonAMP145256
1,AMP3195
0,nonAMP154600
1,AMP1240
0,nonAMP53039
1,AMP2348
0,nonAMP55944
0,nonAMP120393
1,AMP2705
0,nonAMP81749
0,nonAMP128340
0,nonAMP86637
0,nonAMP54559
1,AMP2378
0,nonAMP142277
0,nonAMP69808
1,AMP2120
0,nonAMP153620
0,nonAMP105498
1,AMP3061
0,nonAMP132475
0,nonAMP138600
0,nonAMP63783
1,AMP261
0,nonAMP84933
0,nonAMP25135
0,nonAMP92784
1,AMP1670
1,AMP1339
1,nonAMP8461
1,AMP253
0,nonAMP104707
1,AMP1584
0,nonAMP64346
1,AMP912
0,nonAMP64013
0,nonAMP90795
1,AMP2642
1,nonAMP12917
0,nonAMP86767
1,AMP1092
0,nonAMP57259
0,nonAMP79336
0,nonAMP59856
1,AMP629
1,nonAMP77264
0,nonAMP92881
1,nonAMP15821
1,AMP189
0,nonAMP89997
1,AMP35
0,nonAMP136625
0,nonAMP63276
0,nonAMP96949
1,nonAMP97226
0,AMP3251
1,AMP569
0,nonAMP63034
1,AMP1442
0,nonAMP100328
1,AMP1869
0,nonAMP45794
1,AMP1311
0,nonAMP100172
0,nonAMP146617
1,AMP286
0,nonAMP58340
1,AMP1201
0,nonAMP23571
1,AMP360
0,nonAMP1185
0,nonAMP66064
1,AMP1291
1,AMP1949
0,nonAMP47517
1,AMP2822
1,AMP3051
1,AMP1010
0,nonAMP77428
1,AMP2050
0,nonAMP47181
1,nonAMP156528
0,nonAMP52482
0,nonAMP157597
1,AMP115
1,AMP2386
1,AMP2944
0,AMP1408
0,AMP2985
0,nonAMP89251
0,nonAMP116812
0,nonAMP13194
1,AMP227
1,nonAMP75751
0,AMP1263
1,AMP1990
1,nonAMP47084
1,AMP480
1,nonAMP108790
0,nonAMP50819
0,nonAMP6139
0,nonAMP43649
1,AMP791
0,nonAMP65023
0,nonAMP90531
0,nonAMP84780
0,nonAMP164584
1,AMP630
1,nonAMP73622
0,AMP518
0,AMP3205
0,nonAMP58244
1,AMP215
1,AMP2827
1,AMP745
0,nonAMP64861
1,nonAMP97595
1,AMP461
1,nonAMP82929
0,nonAMP52262
0,AMP2869
0,nonAMP82617
0,nonAMP68680
1,AMP316
0,nonAMP5609
0,nonAMP75686
1,AMP1462
1,AMP2484
1,nonAMP91647
0,nonAMP148204
0,nonAMP90233
1,AMP2704
0,nonAMP104936
0,nonAMP34180
1,AMP2829
0,nonAMP75595
1,AMP866
1,AMP2897
1,nonAMP142359
0,nonAMP72759
0,AMP2241
0,nonAMP157555
0,nonAMP39638
0,nonAMP117935
1,AMP2411
0,nonAMP30999
1,nonAMP138850
0,nonAMP146411
1,AMP2211
1,AMP2544
1,AMP2593
0,nonAMP93995
0,nonAMP97120
0,nonAMP143418
1,AMP2974
0,nonAMP165632
0,nonAMP14698
1,AMP1723
0,nonAMP25572
0,nonAMP75749
1,AMP2585
1,AMP2627
0,nonAMP31129
1,AMP562
1,AMP1625
1,AMP23
0,nonAMP63435
1,AMP1812
1,nonAMP22094
1,AMP268
0,nonAMP127103
0,nonAMP82738
0,nonAMP99022
0,nonAMP141885
0,nonAMP100990
1,AMP2205
1,AMP1875
0,nonAMP64591
0,nonAMP144170
0,nonAMP13228
1,AMP667
1,AMP1678
1,AMP2949
0,AMP1093
0,AMP414
1,nonAMP59518
0,nonAMP116639
0,nonAMP76983
0,nonAMP131109
1,AMP1928
1,AMP494
1,AMP354
1,AMP1403
1,AMP3138
1,AMP58
1,AMP2940
0,nonAMP111123
1,AMP574
0,nonAMP31755
0,nonAMP131024
1,AMP1371
0,nonAMP45104
0,nonAMP134443
1,AMP858
1,AMP1078
1,AMP291
1,nonAMP19477
0,nonAMP61448
0,nonAMP103604
0,nonAMP143289
0,nonAMP113341
0,nonAMP90957
0,AMP2145
1,AMP1016
1,AMP750
0,nonAMP150155
0,AMP763
0,nonAMP158468
1,AMP1778
0,nonAMP93
1,AMP2691
0,nonAMP161319
0,nonAMP38450
0,nonAMP27531
1,nonAMP86346
1,AMP2503
1,AMP163
1,nonAMP129236
0,nonAMP53077
0,nonAMP107398
0,nonAMP118426
0,nonAMP55032
0,nonAMP92760
1,AMP980
1,AMP739
0,AMP1601
1,AMP2022
0,nonAMP161247
1,AMP265
0,nonAMP44960
1,AMP2114
1,AMP1931
1,AMP2308
0,nonAMP64873
0,nonAMP146825
1,AMP1395
0,AMP2629
0,nonAMP97887
0,nonAMP96218
1,AMP230
0,nonAMP8111
1,nonAMP43051
0,nonAMP17508
1,AMP453
0,nonAMP6568
1,AMP2483
1,AMP1140
0,nonAMP70340
1,AMP66
1,AMP632
1,AMP3095
1,AMP293
0,nonAMP106033
1,AMP2181
1,AMP312
1,AMP2668
1,AMP1562
0,AMP776
1,AMP508
1,nonAMP166018
1,AMP1823
0,nonAMP38891
1,AMP2284
0,nonAMP16699
1,nonAMP120129
0,nonAMP67888
1,AMP2969
1,AMP3244
0,AMP1336
0,nonAMP80608
1,nonAMP127470
1,AMP830
1,AMP8
0,nonAMP145077
1,AMP2299
0,nonAMP160553
1,AMP231
0,nonAMP84443
0,nonAMP165391
1,nonAMP49486
0,nonAMP57432
0,nonAMP60187
0,nonAMP751
1,nonAMP103805
1,AMP648
1,AMP742
1,AMP1769
1,AMP2093
1,AMP992
1,nonAMP145355
1,AMP1474
1,AMP1600
0,nonAMP3346
0,nonAMP134784
1,AMP292
1,AMP619
1,AMP2459
1,nonAMP3356
0,nonAMP57874
1,AMP644
0,nonAMP132444
0,AMP2956
1,AMP1622
0,nonAMP63151
0,nonAMP41157
1,nonAMP25908
1,AMP1401
1,AMP1296
0,nonAMP11063
0,nonAMP115267
1,AMP3212
1,AMP2608
0,nonAMP49883
1,nonAMP106130
1,AMP2892
0,nonAMP94140
0,nonAMP74546
1,AMP825
1,AMP2514
1,AMP212
1,AMP1621
0,nonAMP71682
0,nonAMP148877
0,nonAMP98819
0,nonAMP72287
1,nonAMP39479
0,nonAMP7615
1,AMP1107
0,AMP2399
1,AMP920
0,AMP2844
1,nonAMP24420
1,AMP346
0,nonAMP128086
0,nonAMP9181
1,nonAMP91120
1,AMP2856
1,nonAMP121678
0,nonAMP15026
0,nonAMP152081
1,AMP209
0,nonAMP69365
0,nonAMP124482
1,AMP1836
0,nonAMP93977
1,AMP243
1,nonAMP131052
1,AMP373
0,nonAMP35840
0,nonAMP54074
0,nonAMP90102
0,nonAMP127218
0,nonAMP92274
1,AMP271
1,AMP1285
0,nonAMP20680
1,AMP3102
1,nonAMP47593
1,AMP2916
0,nonAMP140192
0,nonAMP84357
1,AMP300
1,AMP2909
0,nonAMP97667
1,AMP489
1,nonAMP130424
0,nonAMP117363
0,nonAMP12856
0,nonAMP120189
0,nonAMP71910
1,AMP3070
0,AMP3002
1,AMP2760
0,nonAMP67186
1,AMP2165
0,AMP2139
1,AMP2952
1,AMP1848
1,AMP1333
1,AMP1235
0,nonAMP108195
0,nonAMP130955
1,nonAMP71683
1,AMP1596
0,nonAMP134788
0,nonAMP94686
1,AMP2340
1,AMP2174
0,nonAMP75809
1,AMP2895
0,nonAMP14494
0,nonAMP122021
0,nonAMP41653
1,AMP1886
0,nonAMP73152
0,nonAMP71564
0,nonAMP70124
0,nonAMP98589
1,AMP1762
1,AMP1642
1,AMP3258
1,AMP1971
1,AMP2496
1,nonAMP89419
0,nonAMP148140
1,AMP977
0,AMP2153
1,AMP2807
1,AMP1667
0,nonAMP77144
0,nonAMP140089
0,nonAMP58235
0,nonAMP152524
1,nonAMP156327
1,AMP2489
1,AMP1389
1,AMP2639
0,nonAMP32085
0,nonAMP52175
0,nonAMP82712
0,nonAMP165198
1,AMP3042
1,AMP590
1,AMP631
1,AMP1127
1,AMP2413
0,nonAMP147537
0,nonAMP123654
1,AMP752
1,AMP538
0,AMP2321
1,AMP1068
0,nonAMP85295
0,nonAMP74144
0,nonAMP125882
1,AMP1548
1,AMP2453
0,nonAMP73495
1,AMP1457
1,AMP20
0,nonAMP115056
1,AMP2824
1,AMP2698
1,AMP1597
1,AMP1171
1,nonAMP86511
0,nonAMP51856
1,AMP1386
0,nonAMP128242
0,AMP2862
1,AMP165
0,nonAMP151426
1,AMP2852
0,nonAMP159422
1,AMP721
0,nonAMP71041
0,nonAMP48153
1,AMP1304
1,AMP2573
1,AMP2057
0,nonAMP125107
1,AMP1190
0,nonAMP101202
0,nonAMP132820
0,AMP2249
1,AMP1985
1,AMP502
0,nonAMP134937
0,nonAMP137480
0,nonAMP52787
0,nonAMP29367
1,AMP254
1,AMP1868
1,AMP2031
1,AMP251
1,AMP3017
0,AMP2137
1,AMP3221
0,nonAMP17480
1,AMP2136
0,nonAMP125621
0,nonAMP107103
1,nonAMP14226
0,nonAMP139566
0,AMP1689
1,AMP1198
1,AMP1658
1,AMP1455
0,nonAMP114006
0,nonAMP78636
0,nonAMP135157
1,AMP1577
0,nonAMP153675
1,AMP1978
0,nonAMP102594
1,AMP1789
0,nonAMP131363
1,AMP2331
0,nonAMP14619
0,nonAMP74751
1,nonAMP158975
1,AMP1588
0,nonAMP142676
1,AMP2363
0,AMP698
1,AMP3117
1,AMP1930
0,AMP2182
1,nonAMP7865
1,nonAMP133695
1,AMP3011
0,nonAMP137856
1,AMP1400
0,AMP332
1,AMP725
0,nonAMP69055
0,nonAMP12733
0,nonAMP77288
1,nonAMP36505
1,AMP1353
1,nonAMP163720
0,AMP108
1,AMP1369
0,nonAMP108001
1,nonAMP38919
0,nonAMP42167
1,AMP1532
1,AMP3157
1,AMP1272
1,nonAMP154811
0,nonAMP101064
1,AMP2763
1,AMP530
1,AMP2693
1,AMP1954
0,nonAMP3318
0,nonAMP157965
0,nonAMP544
1,AMP1842
0,AMP1128
0,nonAMP41989
0,nonAMP121058
0,nonAMP157016
0,nonAMP87417
1,AMP2549
0,nonAMP63794
1,AMP1817
1,nonAMP54876
0,nonAMP83918
0,AMP2866
0,nonAMP166596
1,AMP610
1,AMP83
1,AMP677
0,nonAMP30402
1,AMP247
0,nonAMP161189
1,nonAMP31710
0,AMP1882
0,AMP2094
0,nonAMP160826
1,AMP1551
0,nonAMP11093
1,AMP1012
1,nonAMP60705
1,AMP396
0,nonAMP10553
0,AMP512
0,nonAMP113591
1,AMP1649
0,nonAMP60956
1,nonAMP148635
0,nonAMP9779
1,AMP1023
1,nonAMP155000
1,AMP2159
1,AMP2372
1,AMP1189
1,AMP3014
0,nonAMP116102
0,AMP2913
0,nonAMP45244
0,AMP3162
1,nonAMP115352
0,nonAMP147344
0,nonAMP153619
0,nonAMP139781
0,nonAMP139104
0,AMP1136
1,AMP786
1,AMP2009
0,nonAMP114889
0,nonAMP30515
0,AMP1420
0,nonAMP53870
1,nonAMP42006
0,nonAMP9294
0,nonAMP92181
1,nonAMP1396
0,AMP390
1,AMP670
1,AMP1137
1,AMP527
0,nonAMP149758
0,nonAMP159364
1,AMP732
1,AMP2478
1,AMP1322
1,AMP1841
0,nonAMP149424
0,nonAMP159251
0,nonAMP130993
1,AMP2536
0,nonAMP138955
0,nonAMP165706
0,nonAMP48904
1,AMP444
1,AMP24
0,nonAMP10159
0,AMP1504
0,nonAMP41065
0,AMP1876
1,AMP1816
1,AMP555
1,AMP1629
0,nonAMP117509
0,nonAMP60048
1,AMP1934
1,nonAMP7648
1,AMP2722
0,AMP1326
1,AMP411
0,nonAMP138541
1,AMP815
0,nonAMP52454
0,nonAMP99947
1,nonAMP94828
1,nonAMP130230
0,nonAMP25814
1,nonAMP137663
0,nonAMP72150
0,nonAMP158200
0,nonAMP18429
1,AMP1911
1,AMP121
1,AMP744
0,nonAMP22282
1,AMP2138
0,nonAMP143401
0,AMP3187
0,AMP1183
1,AMP357
1,AMP1177
1,nonAMP57803
0,nonAMP87022
1,nonAMP18091
0,nonAMP36698
1,AMP2836
0,nonAMP144778
1,AMP1270
1,AMP1295
0,nonAMP103092
1,AMP315
1,AMP74
1,nonAMP39983
1,AMP233
0,AMP1071
1,nonAMP70376
0,nonAMP153218
0,nonAMP59198
0,nonAMP39715
0,nonAMP3289
1,nonAMP164670
1,AMP1837
1,AMP1861
1,AMP578
0,nonAMP8075
0,nonAMP21103
1,nonAMP81912
0,AMP2911
0,nonAMP75820
0,nonAMP133624
1,AMP3087
1,AMP1152
0,nonAMP68482
1,AMP2130
0,nonAMP43325
1,AMP807
0,nonAMP21199
1,AMP1170
0,nonAMP152651
0,nonAMP118676
1,AMP308
1,AMP1384
1,AMP806
0,nonAMP100046
1,AMP2261
0,nonAMP70825
0,nonAMP54286
1,AMP1355
0,nonAMP113315
1,AMP79
0,nonAMP52790
1,AMP1378
0,nonAMP154333
0,nonAMP61454
1,AMP2278
1,nonAMP21847
1,AMP966
0,nonAMP126283
0,nonAMP10867
1,AMP2718
1,AMP665
0,nonAMP98615
0,nonAMP62349
1,nonAMP83039
0,nonAMP27553
0,nonAMP72640
1,AMP2725
1,AMP2047
1,nonAMP117913
1,AMP1623
1,AMP114
1,AMP281
1,AMP1410
0,nonAMP160551
0,nonAMP37387
0,nonAMP114384
1,AMP52
0,nonAMP144264
1,AMP2036
0,nonAMP63250
1,AMP902
0,nonAMP81842
0,AMP2948
0,nonAMP135403
0,nonAMP157369
1,nonAMP131012
0,nonAMP4082
1,nonAMP47362
0,nonAMP17801
1,AMP2497
0,AMP2232
1,AMP1366
0,AMP2833
0,nonAMP140646
0,AMP249
0,AMP3099
0,nonAMP18483
1,AMP1559
0,nonAMP59012
1,AMP340
1,AMP2771
1,AMP1599
1,AMP985
0,nonAMP69295
1,nonAMP159992
1,nonAMP93610
0,nonAMP49163
0,nonAMP116887
0,AMP940
0,AMP3191
0,AMP525
0,nonAMP157178
0,nonAMP77131
1,AMP1522
0,nonAMP145430
1,AMP2230
0,AMP3125
1,AMP2218
1,AMP2058
0,nonAMP65942
0,nonAMP159082
1,AMP1006
1,AMP2655
0,nonAMP79321
1,nonAMP113938
1,AMP2919
0,nonAMP59351
1,AMP1828
1,AMP1317
0,nonAMP164636
1,AMP1340
0,nonAMP162593
1,AMP540
0,nonAMP117774
0,nonAMP48980
0,AMP2697
0,nonAMP102484
0,nonAMP146759
1,AMP364
0,nonAMP68329
1,AMP1196
1,AMP1635
1,AMP735
0,nonAMP21166
1,AMP820
1,AMP317
1,nonAMP98486
1,AMP2045
1,AMP2345
0,nonAMP25487
1,AMP1844
1,AMP1022
1,AMP507
1,AMP1790
1,AMP82
0,nonAMP107034
1,AMP2054
1,nonAMP100081
1,AMP1115
0,nonAMP69526
0,nonAMP139661
0,nonAMP138574
0,nonAMP47222
0,AMP2032
1,AMP2287
0,nonAMP92812
1,AMP3259
1,AMP320
1,AMP2769
1,AMP561
0,nonAMP57143
1,AMP2984
1,AMP2178
1,AMP2677
0,AMP1344
0,nonAMP65267
0,AMP2103
0,nonAMP11595
0,nonAMP49938
1,AMP3158
1,nonAMP143210
0,nonAMP101184
1,AMP707
0,nonAMP4840
0,nonAMP141752
0,nonAMP4420
1,nonAMP5753
1,nonAMP65297
0,nonAMP55416
1,AMP1488
1,nonAMP43227
1,AMP2248
1,AMP593
0,nonAMP75771
1,AMP3063
1,AMP1921
0,AMP2713
0,nonAMP54681
1,AMP2164
0,nonAMP139427
0,nonAMP40410
1,AMP2338
1,nonAMP119990
1,nonAMP49048
1,AMP726
1,AMP1907
0,nonAMP2780
0,AMP1266
0,nonAMP115500
1,AMP1205
1,AMP1586
1,AMP1392
1,AMP1881
1,AMP676
0,nonAMP155851
0,nonAMP18339
0,nonAMP90725
0,nonAMP99441
0,nonAMP8254
1,AMP2934
0,nonAMP53417
0,nonAMP141464
0,nonAMP106077
0,nonAMP140336
0,nonAMP117485
0,nonAMP7451
0,nonAMP105246
0,nonAMP53901
0,nonAMP23545
1,AMP1791
1,nonAMP11646
0,nonAMP105406
1,AMP2229
1,AMP1435
1,AMP5
1,AMP2224
1,AMP886
1,AMP2851
1,AMP1077
0,nonAMP124428
0,nonAMP73679
0,nonAMP159911
1,nonAMP147933
1,AMP2129
1,AMP2542
1,AMP3043
1,AMP1652
1,AMP1302
0,AMP762
0,AMP2195
1,AMP945
1,AMP873
1,AMP1469
1,AMP3077
0,nonAMP38415
0,AMP491
1,nonAMP87971
0,nonAMP1351
1,AMP918
1,nonAMP140256
0,nonAMP23388
0,nonAMP29161
1,nonAMP28089
1,nonAMP124497
1,AMP2530
1,AMP406
1,AMP156
0,nonAMP55896
1,AMP162
0,nonAMP17411
1,AMP1323
0,nonAMP116003
1,nonAMP27785
1,AMP2311
1,AMP1594
1,nonAMP155150
1,nonAMP17448
0,nonAMP2588
1,AMP1166
0,nonAMP8427
0,nonAMP99856
1,AMP1546
1,AMP2482
0,nonAMP114453
0,nonAMP31564
0,nonAMP165485
1,nonAMP53252
1,AMP792
0,nonAMP89075
1,AMP528
1,AMP2427
0,nonAMP146911
0,nonAMP2211
1,AMP405
1,AMP1766
0,nonAMP114258
1,AMP1787
1,AMP197
1,nonAMP127092
1,AMP541
0,AMP1319
1,nonAMP12382
0,AMP680
0,nonAMP63283
1,AMP1416
1,AMP1492
1,AMP1047
1,AMP1668
0,nonAMP30661
1,AMP135
1,AMP695
0,nonAMP81899
0,nonAMP55230
1,AMP1935
1,AMP2857
0,nonAMP161274
1,AMP2228
1,AMP62
0,AMP3114
0,nonAMP126160
0,nonAMP93364
1,AMP3131
1,AMP157
1,AMP1909
0,AMP878
1,nonAMP148039
0,nonAMP121032
0,nonAMP83676
1,AMP2524
1,AMP1794
1,AMP1202
0,nonAMP121843
1,nonAMP81661
1,AMP237
1,AMP838
1,AMP42
0,nonAMP103049
1,AMP3255
0,nonAMP7883
1,AMP678
1,AMP2794
1,nonAMP24221
1,AMP450
0,nonAMP19296
1,AMP2209
1,AMP2805
1,AMP2310
1,AMP953
1,AMP2468
1,AMP2562
0,nonAMP122469
0,nonAMP47186
0,nonAMP152287
0,nonAMP86025
0,nonAMP39287
0,nonAMP135323
0,nonAMP160623
1,AMP3124
0,nonAMP99320
1,AMP1003
0,nonAMP153998
0,nonAMP153876
1,AMP119
1,AMP388
1,AMP3170
0,nonAMP21587
1,AMP269
1,AMP257
0,AMP2033
1,AMP1040
1,AMP1258
1,AMP2277
0,nonAMP55810
0,nonAMP84566
1,AMP3013
0,nonAMP141529
0,nonAMP14962
1,AMP3083
1,AMP449
0,nonAMP141422
1,AMP198
0,AMP2511
0,nonAMP127793
1,AMP31
1,AMP1508
0,nonAMP120511
1,AMP77
0,nonAMP134913
1,AMP1835
0,nonAMP165723
1,nonAMP11973
1,AMP957
1,AMP1936
0,nonAMP164048
1,AMP1626
1,AMP367
1,AMP2886
0,nonAMP37449
0,nonAMP134326
0,nonAMP6111
1,nonAMP153095
1,nonAMP164044
0,AMP949
1,AMP3129
0,nonAMP49408
1,AMP608
0,nonAMP78744
1,AMP353
0,AMP2161
0,AMP1473
0,nonAMP158901
0,AMP3089
1,AMP2010
0,nonAMP45483
1,nonAMP86228
1,AMP1484
1,AMP2502
0,AMP2007
1,AMP833
1,AMP1736
0,nonAMP65554
1,nonAMP93032
0,nonAMP142408
0,AMP879
1,AMP3246
1,AMP1496
0,nonAMP125635
1,AMP1232
1,AMP1805
0,nonAMP113471
0,AMP799
0,AMP1055
0,nonAMP32057
1,AMP2464
1,AMP2385
1,AMP3231
1,AMP2707
0,nonAMP9125
0,nonAMP94427
1,AMP894
1,AMP55
1,AMP2531
0,nonAMP78856
0,AMP614
0,nonAMP112000
0,nonAMP74700
1,AMP2064
0,nonAMP166474
1,AMP2936
1,AMP795
1,AMP1316
0,nonAMP155732
1,AMP3075
0,nonAMP10273
0,nonAMP25797
1,AMP240
1,AMP1627
0,nonAMP121046
1,AMP2282
0,nonAMP39043
0,nonAMP35175
0,nonAMP116151
1,AMP471
1,AMP1986
1,AMP2717
1,AMP2015
0,AMP575
0,nonAMP75979
0,nonAMP650
0,nonAMP155696
1,AMP705
1,AMP790
1,AMP1414
0,nonAMP160635
1,AMP1516
0,nonAMP137554
0,nonAMP8935
0,AMP1682
0,AMP1764
0,nonAMP39528
0,nonAMP164860
0,nonAMP26089
1,nonAMP79698
1,AMP1116
1,AMP520
0,nonAMP19663
1,AMP2421
0,nonAMP95934
1,AMP888
1,AMP2569
0,AMP2184
0,nonAMP119317
0,nonAMP140788
1,AMP1446
1,AMP2964
0,nonAMP151849
0,AMP2672
1,AMP1308
1,AMP2706
1,AMP3006
1,AMP2456
0,nonAMP94774
0,nonAMP164082
0,AMP99
1,AMP2147
0,nonAMP67862
1,AMP1433
1,AMP424
1,AMP2572
1,AMP1168
0,nonAMP164295
0,AMP148
1,AMP2219
0,nonAMP26926
0,nonAMP90837
1,AMP2602
1,AMP604
1,nonAMP48268
1,AMP3214
0,AMP2415
0,nonAMP89129
1,AMP2764
0,nonAMP135506
0,nonAMP85711
0,nonAMP25100
0,nonAMP20584
0,nonAMP134148
0,nonAMP30674
0,nonAMP40578
1,AMP26
0,nonAMP160046
1,nonAMP74266
1,AMP3065
1,AMP2953
1,AMP549
0,nonAMP66027
1,AMP2669
1,AMP1208
1,AMP3022
1,AMP186
0,AMP650
1,AMP1226
1,AMP2625
0,AMP440
0,nonAMP161556
0,nonAMP31552
0,nonAMP30287
0,nonAMP126423
1,AMP509
1,AMP473
0,nonAMP79774
0,nonAMP109690
1,AMP1352
1,AMP1394
0,nonAMP130050
0,nonAMP157865
0,nonAMP63204
0,nonAMP118709
0,nonAMP25584
0,AMP672
0,nonAMP40597
0,AMP929
1,AMP442
0,nonAMP117169
1,AMP1256
1,AMP1854
0,AMP2914
0,nonAMP99357
0,nonAMP24916
1,AMP28
1,AMP3008
0,AMP1273
1,AMP1793
1,AMP1118
0,nonAMP35531
1,AMP3146
1,AMP1041
0,nonAMP163920
1,AMP2696
0,nonAMP60770
1,nonAMP79973
0,AMP495
0,nonAMP121551
1,AMP1524
0,nonAMP91043
0,nonAMP136354
0,nonAMP97606
0,nonAMP153469
1,nonAMP98900
1,nonAMP91966
1,AMP2560
0,nonAMP120817
0,nonAMP48808
1,AMP611
1,nonAMP3022
0,nonAMP125586
1,AMP2166
1,AMP1510
0,nonAMP131415
1,AMP2490
1,AMP410
1,AMP184
0,nonAMP3728
1,AMP426
0,nonAMP4935
0,AMP3048
1,AMP2709
1,AMP1169
1,AMP1310
0,nonAMP50903
0,nonAMP39628
0,AMP1443
1,AMP2695
1,AMP2640
0,nonAMP9881
1,AMP1603
0,nonAMP133759
1,AMP2302
1,AMP2613
1,AMP123
1,AMP107
0,nonAMP46506
1,AMP700
0,AMP355
1,AMP2523
0,nonAMP89374
1,AMP2438
1,AMP1415
0,nonAMP92307
0,nonAMP125690
1,AMP125
1,AMP2367
0,nonAMP51868
0,nonAMP46828
1,nonAMP137593
1,AMP2803
1,nonAMP116854
1,AMP1358
1,nonAMP46604
0,AMP2570
1,AMP1530
1,AMP871
0,nonAMP146626
0,nonAMP19222
1,AMP1884
1,AMP2978
0,nonAMP29669
0,nonAMP93820
1,nonAMP69318
1,AMP2017
0,nonAMP113316
0,nonAMP103645
1,AMP1424
0,nonAMP43138
0,nonAMP7231
1,AMP767
0,nonAMP67956
0,nonAMP26111
0,nonAMP119532
0,nonAMP143740
1,AMP29
0,nonAMP92581
0,nonAMP61437
1,AMP1974
1,AMP788
0,nonAMP148548
0,nonAMP54423
0,nonAMP122276
1,AMP1159
0,nonAMP70192
0,nonAMP34620
0,nonAMP40028
1,AMP1328
0,nonAMP97947
1,AMP724
1,nonAMP55059
0,nonAMP97410
0,nonAMP129973
0,nonAMP1369
0,AMP2890
1,nonAMP104113
0,AMP730
0,nonAMP28945
1,AMP1780
1,AMP801
1,AMP1752
0,nonAMP158670
0,nonAMP108478
0,nonAMP6605
0,nonAMP124863
0,AMP3024
0,AMP1556
0,nonAMP96301
0,nonAMP94120
1,AMP76
1,AMP80
0,nonAMP107661
0,nonAMP102929
0,nonAMP113755
1,AMP785
1,AMP2476
0,nonAMP149963
1,nonAMP83122
0,nonAMP115850
0,nonAMP55234
0,nonAMP51565
1,AMP764
1,AMP556
1,AMP1995
1,AMP1346
1,AMP3260
0,nonAMP122924
1,nonAMP11300
1,AMP2286
1,AMP1085
0,AMP1109
0,nonAMP81218
1,AMP50
0,nonAMP143434
1,AMP462
1,nonAMP123619
1,AMP325
1,AMP2268
0,nonAMP49794
1,nonAMP112402
1,AMP1157
0,AMP295
1,AMP479
0,AMP2140
1,AMP3202
0,AMP3086
1,nonAMP81964
1,AMP1475
1,AMP2091
1,nonAMP13464
1,AMP2293
1,AMP2071
1,AMP2667
1,AMP1470
1,AMP2873
0,nonAMP51640
0,nonAMP87347
1,AMP393
1,AMP65
1,AMP59
0,nonAMP18676
1,AMP1259
1,AMP75
0,AMP2142
0,nonAMP18730
1,AMP288
0,AMP91
1,AMP1292
1,AMP2434
0,nonAMP43245
0,nonAMP142487
1,AMP2240
1,AMP755
1,AMP2979
0,nonAMP122819
1,AMP2024
1,AMP959
0,nonAMP158948
0,nonAMP96842
0,nonAMP81194
0,nonAMP37969
0,nonAMP63930
0,nonAMP16961
1,AMP560
0,nonAMP165052
0,nonAMP112132
0,AMP3226
0,nonAMP106818
0,nonAMP150095
1,AMP1693
1,nonAMP32298
1,AMP1576
0,nonAMP23985
0,nonAMP81483
1,AMP2442
1,AMP800
0,nonAMP7491
0,nonAMP125701
1,nonAMP36089
1,AMP1156
0,AMP2035
0,nonAMP55705
0,nonAMP99075
0,nonAMP74344
0,nonAMP75528
0,nonAMP61492
1,AMP2025
0,nonAMP113972
1,AMP2905
1,nonAMP115802
0,nonAMP92525
0,AMP1181
1,nonAMP83813
1,AMP505
0,nonAMP113149
1,AMP1775
1,AMP2551
0,nonAMP27121
0,nonAMP23325
1,AMP2931
1,AMP334
1,AMP3113
1,AMP618
0,nonAMP160822
0,nonAMP89260
1,AMP2006
0,AMP2186
1,AMP514
1,AMP2633
0,nonAMP141678
0,nonAMP40394
0,nonAMP32583
0,nonAMP84688
0,nonAMP142966
0,nonAMP39819
1,nonAMP153507
0,nonAMP154933
1,AMP2899
1,AMP2658
0,nonAMP3590
1,AMP2657
1,AMP722
1,AMP57
0,AMP2545
1,nonAMP98892
0,nonAMP84523
1,AMP1674
1,AMP1385
0,AMP2504
1,AMP501
1,AMP303
1,AMP1979
1,AMP2775
1,AMP636
1,AMP3133
1,nonAMP1203
1,AMP1229
1,AMP2074
1,AMP843
0,nonAMP46794
1,AMP1925
0,nonAMP81266
1,AMP553
0,AMP890
1,AMP2680
0,nonAMP91710
0,nonAMP55967
1,AMP351
0,nonAMP80574
1,AMP780
1,AMP2002
0,AMP2660
0,AMP1587
0,nonAMP46436
1,AMP1388
0,nonAMP58193
0,nonAMP1102
0,nonAMP76244
0,nonAMP10620
1,AMP1691
0,nonAMP99279
1,AMP1350
1,AMP516
0,nonAMP1964
0,nonAMP161586
1,AMP2212
0,nonAMP5743
0,nonAMP59227
1,AMP2104
1,AMP389
1,AMP2826
0,nonAMP93478
0,nonAMP14062
0,nonAMP61032
1,AMP1141
0,nonAMP9658
1,AMP1091
1,AMP2027
1,AMP1306
0,nonAMP119732
0,nonAMP85957
0,nonAMP55811
0,nonAMP11504
0,nonAMP72272
1,nonAMP43707
0,nonAMP22359
1,AMP1542
1,AMP635
0,AMP1063
0,AMP811
0,nonAMP98563
0,nonAMP46731
1,AMP2724
0,nonAMP162133
1,AMP194
0,nonAMP154958
1,nonAMP102870
0,nonAMP70568
1,nonAMP41908
0,nonAMP126591
0,nonAMP166133
1,AMP1251
0,AMP2567
1,AMP573
0,nonAMP49086
1,nonAMP58625
0,AMP734
1,AMP554
0,nonAMP52663
1,AMP1598
0,AMP2946
1,AMP1321
0,nonAMP61520
1,AMP2223
1,AMP2894
1,AMP3084
0,nonAMP154454
1,AMP727
1,AMP3033
0,nonAMP164325
0,nonAMP18903
0,nonAMP4553
1,AMP2012
1,AMP263
1,nonAMP140902
0,nonAMP52629
1,AMP2485
0,AMP3054
0,nonAMP113566
0,nonAMP141523
1,AMP2039
0,nonAMP121526
0,nonAMP128586
0,nonAMP137599
0,nonAMP90445
0,AMP3094
0,nonAMP126992
0,AMP1645
1,AMP1486
1,AMP2910
1,nonAMP29501
1,AMP646
0,nonAMP81927
0,nonAMP13243
0,nonAMP83801
0,nonAMP31105
1,AMP1800
0,nonAMP26760
0,nonAMP156433
0,nonAMP78249
1,AMP3222
0,nonAMP11645
1,AMP54
0,nonAMP164629
1,AMP1540
1,AMP2313
1,nonAMP110355
1,AMP2970
1,AMP550
0,nonAMP12805
1,AMP2113
0,nonAMP32011
1,nonAMP22049
0,nonAMP131118
0,AMP3163
0,nonAMP109454
0,nonAMP137134
1,nonAMP102812
0,nonAMP110962
0,nonAMP138417
1,AMP891
1,AMP40
1,AMP1203
0,nonAMP58388
1,AMP1643
0,nonAMP91219
1,AMP1653
1,nonAMP40344
0,nonAMP55250
1,AMP836
1,AMP2257
0,nonAMP103661
0,nonAMP119642
0,AMP2915
1,AMP2517
1,AMP3100
1,AMP2752
0,AMP3049
0,nonAMP51266
0,nonAMP115031
1,AMP1579
1,nonAMP120410
0,nonAMP46718
0,AMP3025
1,AMP2799
0,nonAMP80080
0,nonAMP129366
1,AMP1873
1,AMP3227
1,AMP1574
0,nonAMP87114
1,AMP639
0,nonAMP89588
0,nonAMP153315
1,AMP1084
0,nonAMP132738
1,AMP33
1,AMP2258
1,nonAMP125839
1,AMP1458
1,AMP1891
0,nonAMP49059
0,nonAMP61219
0,nonAMP92933
1,AMP1581
1,AMP817
1,AMP2049
1,AMP2440
0,nonAMP55756
1,AMP532
1,AMP2581
1,AMP283
0,nonAMP84035
0,AMP2865
1,AMP2762
0,nonAMP37473
1,AMP3219
1,nonAMP146827
1,AMP865
0,nonAMP45941
1,AMP2253
1,AMP594
0,nonAMP16313
1,AMP222
1,AMP2907
0,nonAMP44538
1,AMP2802
1,AMP1406
0,nonAMP62433
1,AMP1557
1,AMP1830
0,nonAMP68196
1,nonAMP121737
0,nonAMP151787
0,nonAMP164699
1,nonAMP24029
0,nonAMP48338
0,nonAMP71371
0,nonAMP32547
1,AMP2808
1,AMP917
1,AMP3210
0,nonAMP113627
0,nonAMP119934
0,nonAMP94034
1,nonAMP91325
1,AMP1843
0,nonAMP12926
1,AMP1343
1,nonAMP39952
0,AMP93
1,nonAMP139521
0,nonAMP36269
1,nonAMP41155
1,AMP1651
0,nonAMP34611
1,AMP2451
0,nonAMP86472
0,nonAMP70900
0,nonAMP49317
1,nonAMP111284
0,nonAMP151530
0,nonAMP3410
1,nonAMP139882
0,nonAMP85401
1,AMP1422
1,AMP1482
1,AMP862
1,AMP1720
1,AMP982
1,AMP2758
1,nonAMP107065
1,AMP2815
1,AMP3217
1,AMP482
1,AMP11
0,nonAMP50765
0,nonAMP33617
1,nonAMP123046
1,AMP2623
1,AMP3021
1,AMP1757
0,nonAMP32536
0,nonAMP1449
0,nonAMP825
0,nonAMP18639
0,AMP1342
1,AMP952
0,nonAMP103599
0,AMP1015
1,nonAMP93204
0,nonAMP85679
1,nonAMP137000
0,nonAMP94587
0,nonAMP21172
0,nonAMP32393
0,nonAMP135516
1,AMP3236
1,AMP2781
0,AMP399
1,AMP2888
0,nonAMP139344
0,nonAMP141309
0,nonAMP140303
1,AMP2576
0,nonAMP100212
0,nonAMP149228
0,nonAMP57543
0,nonAMP13648
0,nonAMP38178
0,nonAMP113219
1,nonAMP98111
0,AMP1656
0,nonAMP150394
0,nonAMP146466
0,nonAMP68701
0,nonAMP116113
1,nonAMP120671
0,nonAMP43254
0,AMP756
1,AMP1657
1,AMP2272
0,AMP1912
1,AMP1874
1,AMP2881
1,AMP937
0,nonAMP30076
1,nonAMP24141
1,AMP1305
1,AMP679
0,nonAMP64801
1,AMP1194
0,nonAMP160436
1,AMP2238
1,nonAMP153023
1,AMP845
0,AMP2042
1,nonAMP70444
0,nonAMP87400
0,nonAMP46568
0,nonAMP79762
1,AMP1265
0,AMP1571
1,nonAMP162743
1,AMP2412
0,nonAMP738
0,nonAMP158059
1,AMP2958
1,nonAMP13714
1,AMP1007
1,AMP2397
0,nonAMP26667
1,nonAMP21270
0,nonAMP52014
1,AMP2359
0,nonAMP15304
0,nonAMP161968
1,AMP2793
0,nonAMP124145
0,nonAMP88836
0,AMP1617
1,AMP324
1,nonAMP158397
0,nonAMP100464
0,nonAMP136101
1,AMP158
0,AMP1514
0,AMP1231
0,nonAMP120758
0,nonAMP2410
1,AMP998
1,AMP2132
0,nonAMP12643
1,AMP1037
1,AMP637
1,nonAMP76710
0,nonAMP120829
1,AMP1411
1,nonAMP57624
1,AMP3093
0,nonAMP116159
1,AMP3141
0,nonAMP67387
0,AMP3215
1,nonAMP126742
0,nonAMP57920
0,AMP2610
1,nonAMP36984
0,nonAMP30087
0,AMP687
0,nonAMP114469
1,AMP2649
0,nonAMP49162
1,AMP397
1,nonAMP121658
0,nonAMP48735
1,AMP81
1,AMP323
0,AMP3242
0,nonAMP141211
0,nonAMP121544
0,nonAMP3825
0,nonAMP132165
1,nonAMP136360
0,nonAMP110672
1,AMP2675
1,AMP3080
1,nonAMP52655
1,AMP1219
0,nonAMP92937
1,AMP524
0,nonAMP60381
0,nonAMP59184
1,AMP302
1,nonAMP158427
1,AMP895
0,nonAMP94886
0,nonAMP11433
1,AMP3197
1,AMP2402
1,AMP2192
1,AMP2197
0,nonAMP137008
0,nonAMP93950
1,nonAMP3199
1,AMP2757
1,nonAMP119880
1,nonAMP112785
0,AMP105
0,nonAMP111104
0,nonAMP56089
0,nonAMP15449
1,AMP336
0,nonAMP73508
1,AMP2797
0,nonAMP65948
1,AMP2968
1,AMP1241
1,AMP1501
0,nonAMP10162
0,AMP369
1,nonAMP164087
1,AMP1051
0,nonAMP61474
1,AMP204
1,AMP203
1,AMP102
1,AMP3154
1,nonAMP128459
0,AMP229
1,AMP2222
1,AMP2435
1,AMP2879
1,AMP1863
0,nonAMP102464
0,nonAMP72273
0,AMP1688
1,AMP2772
0,nonAMP30413
0,nonAMP114493
0,nonAMP78687
0,AMP2939
0,nonAMP105668
1,nonAMP107993
0,nonAMP126095
1,AMP153
0,nonAMP10336
1,AMP1892
0,nonAMP149496
1,AMP1890
1,nonAMP133438
1,AMP2083
1,AMP1924
0,nonAMP93850
1,AMP1244
1,nonAMP117392
0,nonAMP106475
0,nonAMP67308
0,nonAMP109151
1,AMP2067
0,nonAMP142430
0,nonAMP27267
1,AMP622
0,nonAMP125713
1,AMP245
0,nonAMP60219
1,AMP276
1,nonAMP9335
1,AMP90
0,nonAMP21419
1,AMP2564
0,nonAMP3826
1,AMP3044
1,AMP1700
1,AMP2044
0,nonAMP134114
1,nonAMP16530
1,nonAMP33346
0,nonAMP129279
1,AMP2491
1,nonAMP131752
1,AMP1069
1,AMP1808
1,nonAMP86956
0,nonAMP141568
1,AMP2628
1,AMP103
1,AMP1498
0,nonAMP22954
1,AMP2590
1,AMP3122
1,AMP2665
0,nonAMP112169
1,nonAMP126049
0,nonAMP160022
0,nonAMP4957
1,AMP2294
0,nonAMP63601
1,AMP1885
0,nonAMP104692
1,AMP511
1,AMP3223
0,nonAMP30741
1,AMP976
1,AMP2098
1,AMP2283
1,AMP2097
1,AMP1945
0,nonAMP41282
1,AMP2477
1,AMP1662
0,nonAMP158629
0,nonAMP143623
0,nonAMP111961
0,nonAMP115171
0,nonAMP116166
0,AMP2423
1,AMP305
1,nonAMP60294
1,AMP938
1,nonAMP45116
1,AMP2416
1,AMP2574
0,nonAMP25567
0,nonAMP110560
1,AMP1250
0,AMP2834
0,AMP2925
0,nonAMP141818
1,AMP1792
0,nonAMP102877
0,nonAMP115654
1,AMP2243
0,nonAMP62277
1,nonAMP111742
0,nonAMP103731
1,AMP627
1,nonAMP137441
0,nonAMP140065
0,nonAMP59084
1,AMP3009
1,AMP1968
0,nonAMP59845
1,AMP2500
0,nonAMP45623
1,AMP2102
1,AMP1960
1,AMP2981
1,AMP2304
1,AMP343
0,nonAMP43492
1,AMP875
0,AMP435
0,AMP3164
0,nonAMP5645
1,AMP2654
0,nonAMP105326
0,nonAMP93142
1,AMP21
0,AMP2731
1,AMP1053
1,AMP827
0,nonAMP162857
1,AMP1002
0,nonAMP160725
0,AMP844
1,AMP1940
1,AMP633
0,nonAMP12845
1,AMP958
1,AMP1065
0,AMP2135
0,nonAMP42386
0,nonAMP18968
1,AMP1996
1,AMP1363
1,AMP278
0,nonAMP44159
0,nonAMP82790
0,AMP2265
1,AMP1751
1,AMP437
0,nonAMP158444
0,nonAMP45354
1,AMP708
1,AMP2535
1,nonAMP97725
0,nonAMP116564
1,AMP1970
0,AMP758
1,AMP510
1,AMP2048
0,nonAMP1356
0,nonAMP51779
1,AMP2356
0,nonAMP50893
1,AMP88
0,nonAMP131734
0,nonAMP85597
1,nonAMP126683
1,AMP948
1,nonAMP42639
0,nonAMP6129
0,AMP706
1,AMP584
1,AMP772
1,AMP2926
1,AMP696
1,AMP3220
1,nonAMP23833
1,AMP973
1,AMP448
1,AMP280
1,AMP754
0,nonAMP97913
0,nonAMP26022
1,AMP1750
1,AMP1500
1,AMP2711
1,AMP1675
1,AMP85
1,AMP1034
1,AMP191
0,nonAMP115632
1,AMP972
0,AMP2167
0,nonAMP164070
0,nonAMP163329
1,AMP582
0,nonAMP15980
1,AMP1871
1,AMP258
1,nonAMP87666
1,AMP2816
0,nonAMP166597
0,AMP661
1,AMP1606
1,AMP1180
1,AMP2671
0,nonAMP4659
0,nonAMP52065
0,nonAMP117002
1,AMP2389
0,nonAMP109704
0,nonAMP126635
1,AMP2595
1,AMP1014
1,AMP3183
1,AMP2893
1,AMP2529
1,AMP1039
0,nonAMP152398
0,nonAMP93647
1,AMP86
0,nonAMP50116
0,AMP851
0,nonAMP78638
0,nonAMP23404
0,nonAMP9759
1,AMP154
0,nonAMP96116
1,AMP855
1,AMP570
1,AMP850
0,AMP2896
0,nonAMP76543
1,AMP1959
0,nonAMP52121
0,nonAMP41852
1,nonAMP81471
0,nonAMP92026
1,AMP1580
1,nonAMP109864
0,nonAMP29751
1,AMP116
0,nonAMP8392
1,AMP294
0,nonAMP3520
0,nonAMP123776
1,AMP1280
0,nonAMP108272
1,AMP464
1,AMP749
1,nonAMP164709
0,nonAMP99959
1,nonAMP55683
1,nonAMP40347
0,nonAMP12675
0,nonAMP95084
1,AMP3097
1,AMP2266
0,nonAMP109574
1,AMP2842
1,nonAMP113779
0,nonAMP145727
1,nonAMP82550
1,nonAMP74668
0,nonAMP104284
1,AMP1677
0,nonAMP58008
0,nonAMP19664
1,nonAMP4596
1,AMP1685
0,AMP2156
1,AMP402
1,AMP946
0,nonAMP113399
1,AMP3159
0,nonAMP128474
0,nonAMP118530
0,nonAMP142016
0,nonAMP165585
1,AMP2929
1,AMP145
0,nonAMP83372
0,nonAMP136619
0,AMP3153
1,nonAMP5909
0,nonAMP137257
1,AMP2163
1,AMP9
1,AMP526
0,nonAMP40164
0,nonAMP3786
1,AMP1011
1,AMP2052
1,nonAMP139340
1,AMP2646
0,nonAMP62292
1,AMP1947
1,AMP2582
1,AMP1282
0,nonAMP45708
1,AMP1583
1,AMP683
1,AMP3225
0,nonAMP134187
1,AMP2750
0,nonAMP90063
0,nonAMP100986
1,AMP2579
0,nonAMP147973
0,AMP2355
0,AMP1357
0,nonAMP94748
1,nonAMP23950
0,nonAMP29202
0,nonAMP10069
1,AMP2951
0,nonAMP49466
1,AMP1398
1,AMP1095
0,nonAMP159908
1,AMP1570
0,nonAMP128276
1,AMP2526
0,AMP412
1,AMP1076
1,AMP1438
1,AMP777
1,AMP738
1,AMP2447
0,nonAMP109947
1,AMP2848
1,AMP854
0,nonAMP66308
0,nonAMP67343
0,nonAMP119086
0,nonAMP36115
1,nonAMP87058
0,AMP1655
0,nonAMP166422
1,AMP503
0,nonAMP985
0,nonAMP28933
0,nonAMP124122
0,nonAMP38730
1,AMP1447
0,AMP3253
1,nonAMP35485
1,AMP492
0,nonAMP17040
0,nonAMP46124
1,AMP143
1,AMP834
0,nonAMP49563
1,AMP3020
1,AMP876
0,nonAMP48830
1,AMP1832
0,nonAMP81814
0,nonAMP165647
1,AMP623
1,AMP1049
0,nonAMP25106
1,nonAMP10986
1,AMP3137
1,nonAMP118137
0,nonAMP117019
0,nonAMP137785
1,AMP2455
0,nonAMP31818
0,nonAMP11198
1,AMP2855
1,AMP2626
0,nonAMP39233
1,AMP2887
0,nonAMP27563
1,AMP2723
1,AMP246
0,nonAMP101740
1,AMP2601
1,AMP778
0,nonAMP150226
1,AMP2738
0,nonAMP113420
1,AMP7
1,AMP1383
0,nonAMP48337
1,AMP2244
0,nonAMP125933
0,nonAMP42111
1,AMP2281
1,AMP3264
0,nonAMP126870
0,AMP195
0,nonAMP64201
0,nonAMP160174
0,AMP2316
0,nonAMP77549
1,nonAMP78444
0,nonAMP87069
0,nonAMP109314
0,nonAMP128196
1,AMP1413
1,AMP48
0,nonAMP86727
1,AMP1908
0,nonAMP43715
1,AMP2144
1,nonAMP52285
1,AMP2300
1,AMP1937
1,AMP141
1,AMP2730
0,AMP383
0,nonAMP131889
1,AMP3134
0,nonAMP29909
0,nonAMP154627
0,nonAMP120142
1,AMP1396
1,AMP1893
1,AMP908
0,nonAMP14554
0,nonAMP21556
1,AMP965
1,nonAMP22596
0,nonAMP31724
1,AMP552
0,nonAMP155787
0,nonAMP111932
1,nonAMP122004
0,AMP2568
0,nonAMP91163
1,AMP1701
0,nonAMP90029
1,AMP113
1,nonAMP164369
0,nonAMP20906
0,AMP3204
1,AMP1781
1,AMP1397
0,nonAMP143136
0,nonAMP32323
1,nonAMP1940
0,nonAMP74695
1,AMP2795
0,nonAMP102953
1,AMP2271
0,nonAMP143882
1,AMP898
0,nonAMP94043
0,nonAMP126195
1,AMP565
1,AMP2917
0,AMP2902
0,nonAMP64075
1,AMP3192
1,AMP2388
1,AMP1806
0,nonAMP51758
1,AMP2250
1,AMP2741
0,nonAMP62023
1,AMP262
0,nonAMP80728
1,nonAMP154146
1,AMP2075
1,nonAMP74247
0,nonAMP48357
0,nonAMP48654
1,AMP2732
1,AMP2079
1,AMP150
1,AMP2501
1,AMP2515
0,nonAMP96726
1,nonAMP58825
1,nonAMP8539
0,nonAMP28516
